iteration,temperature,current_cost,best_cost,accepted,reason,move
0,100.0,208,208,False,hard_constraint_violation,swap 36<->32
1,99.5,208,208,False,hard_constraint_violation,swap 72<->12
2,99.0025,208,208,False,hard_constraint_violation,swap 4<->12
3,98.5074875,208,208,False,hard_constraint_violation,swap 74<->26
4,98.01495006249999,208,208,False,hard_constraint_violation,relocate 72
5,97.52487531218749,208,208,False,hard_constraint_violation,swap 37<->76
6,97.03725093562655,208,208,False,hard_constraint_violation,swap 75<->37
7,96.55206468094842,208,208,False,hard_constraint_violation,swap 37<->76
8,96.06930435754367,203,203,True,soft_constraint_evaluation,swap 75<->76
9,95.58895783575595,203,203,False,hard_constraint_violation,swap 61<->71
10,95.11101304657717,203,203,False,hard_constraint_violation,swap 37<->75
11,94.63545798134429,203,203,False,hard_constraint_violation,swap 38<->75
12,94.16228069143757,203,203,False,hard_constraint_violation,swap 40<->11
13,93.69146928798038,203,203,False,hard_constraint_violation,relocate 13
14,93.22301194154048,203,203,False,hard_constraint_violation,swap 38<->76
15,92.75689688183277,203,203,False,hard_constraint_violation,swap 37<->75
16,92.29311239742361,203,203,False,hard_constraint_violation,swap 21<->62
17,91.8316468354365,203,203,False,hard_constraint_violation,swap 44<->8
18,91.37248860125932,203,203,False,hard_constraint_violation,swap 43<->54
19,90.91562615825302,203,203,False,hard_constraint_violation,swap 43<->28
20,90.46104802746176,203,203,False,hard_constraint_violation,swap 76<->37
21,90.00874278732445,203,203,False,hard_constraint_violation,swap 74<->71
22,89.55869907338783,203,203,False,hard_constraint_violation,swap 76<->38
23,89.11090557802089,203,203,False,hard_constraint_violation,swap 68<->66
24,88.66535105013078,208,203,True,soft_constraint_evaluation,swap 15<->20
25,88.22202429488013,208,203,False,hard_constraint_violation,relocate 57
26,87.78091417340573,213,203,True,soft_constraint_evaluation,swap 76<->75
27,87.34200960253871,213,203,False,hard_constraint_violation,swap 15<->71
28,86.90529955452601,213,203,False,hard_constraint_violation,relocate 46
29,86.47077305675337,213,203,False,hard_constraint_violation,swap 61<->1
30,86.0384191914696,213,203,False,hard_constraint_violation,relocate 34
31,85.60822709551225,213,203,False,hard_constraint_violation,relocate 67
32,85.18018596003469,213,203,False,hard_constraint_violation,relocate 41
33,84.75428503023451,213,203,False,hard_constraint_violation,swap 50<->21
34,84.33051360508334,213,203,False,hard_constraint_violation,swap 44<->65
35,83.90886103705792,213,203,False,hard_constraint_violation,swap 75<->37
36,83.48931673187263,213,203,False,hard_constraint_violation,swap 11<->65
37,83.07187014821326,213,203,False,hard_constraint_violation,relocate 71
38,82.6565107974722,213,203,False,hard_constraint_violation,swap 38<->76
39,82.24322824348484,213,203,False,hard_constraint_violation,swap 38<->75
40,81.83201210226741,213,203,False,hard_constraint_violation,relocate 26
41,81.42285204175607,208,203,True,soft_constraint_evaluation,swap 76<->75
42,81.01573778154729,208,203,False,hard_constraint_violation,swap 29<->9
43,80.61065909263955,208,203,False,hard_constraint_violation,swap 29<->1
44,80.20760579717636,208,203,False,hard_constraint_violation,swap 30<->9
45,79.80656776819048,208,203,False,hard_constraint_violation,relocate 45
46,79.40753492934952,208,203,False,hard_constraint_violation,swap 76<->37
47,79.01049725470277,208,203,False,hard_constraint_violation,swap 38<->76
48,78.61544476842926,208,203,False,hard_constraint_violation,relocate 25
49,78.22236754458712,208,203,False,hard_constraint_violation,swap 75<->38
50,77.83125570686418,208,203,True,soft_constraint_evaluation,swap 13<->8
51,77.44209942832987,208,203,False,hard_constraint_violation,swap 37<->76
52,77.05488893118822,208,203,False,hard_constraint_violation,swap 38<->76
53,76.66961448653227,213,203,True,soft_constraint_evaluation,swap 38<->37
54,76.2862664140996,213,203,False,hard_constraint_violation,relocate 73
55,75.9048350820291,213,203,True,soft_constraint_evaluation,swap 12<->31
56,75.52531090661896,213,203,False,hard_constraint_violation,swap 76<->37
57,75.14768435208586,213,203,False,hard_constraint_violation,relocate 8
58,74.77194593032543,213,203,False,hard_constraint_violation,swap 75<->38
59,74.3980862006738,208,203,True,soft_constraint_evaluation,swap 38<->37
60,74.02609576967043,208,203,False,hard_constraint_violation,swap 72<->8
61,73.65596529082208,208,203,False,hard_constraint_violation,relocate 8
62,73.28768546436797,208,203,False,hard_constraint_violation,swap 8<->68
63,72.92124703704613,208,203,False,hard_constraint_violation,swap 9<->31
64,72.5566408018609,208,203,False,hard_constraint_violation,swap 6<->11
65,72.19385759785159,208,203,False,hard_constraint_violation,swap 75<->37
66,71.83288830986233,208,203,False,hard_constraint_violation,swap 38<->76
67,71.47372386831302,208,203,False,hard_constraint_violation,swap 76<->38
68,71.11635524897144,208,203,False,hard_constraint_violation,relocate 10
69,70.76077347272658,208,203,False,hard_constraint_violation,swap 10<->71
70,70.40696960536295,208,203,False,hard_constraint_violation,swap 38<->76
71,70.05493475733613,208,203,False,hard_constraint_violation,relocate 32
72,69.70466008354944,208,203,False,soft_constraint_evaluation,swap 75<->76
73,69.35613678313169,208,203,False,hard_constraint_violation,relocate 70
74,69.00935609921603,208,203,False,hard_constraint_violation,swap 37<->76
75,68.66430931871996,208,203,False,hard_constraint_violation,swap 73<->20
76,68.32098777212636,208,203,False,hard_constraint_violation,swap 46<->27
77,67.97938283326573,208,203,False,hard_constraint_violation,swap 76<->38
78,67.6394859190994,208,203,False,hard_constraint_violation,relocate 7
79,67.3012884895039,208,203,False,hard_constraint_violation,swap 37<->76
80,66.96478204705639,208,203,False,hard_constraint_violation,swap 34<->21
81,66.6299581368211,208,203,False,hard_constraint_violation,relocate 73
82,66.296808346137,208,203,False,hard_constraint_violation,swap 10<->20
83,65.96532430440631,208,203,False,hard_constraint_violation,swap 38<->76
84,65.63549768288428,208,203,False,hard_constraint_violation,swap 75<->37
85,65.30732019446985,208,203,True,soft_constraint_evaluation,relocate 27
86,64.9807835934975,213,203,True,soft_constraint_evaluation,swap 76<->75
87,64.65587967553002,213,203,False,hard_constraint_violation,relocate 31
88,64.33260027715237,213,203,False,hard_constraint_violation,relocate 23
89,64.01093727576661,208,203,True,soft_constraint_evaluation,swap 76<->75
90,63.690882589387776,208,203,False,hard_constraint_violation,relocate 32
91,63.372428176440835,208,203,False,hard_constraint_violation,swap 51<->5
92,63.05556603555863,208,203,False,hard_constraint_violation,relocate 29
93,62.740288205380836,208,203,False,hard_constraint_violation,relocate 61
94,62.42658676435393,208,203,False,hard_constraint_violation,swap 29<->4
95,62.114453830532156,208,203,False,hard_constraint_violation,swap 75<->38
96,61.8038815613795,208,203,False,hard_constraint_violation,relocate 36
97,61.4948621535726,208,203,False,hard_constraint_violation,swap 75<->37
98,61.18738784280473,208,203,False,hard_constraint_violation,swap 38<->75
99,60.88145090359071,208,203,False,hard_constraint_violation,relocate 34
100,60.577043649072756,213,203,True,soft_constraint_evaluation,swap 75<->76
101,60.27415843082739,213,203,False,hard_constraint_violation,swap 52<->25
102,59.97278763867325,213,203,False,hard_constraint_violation,swap 37<->75
103,59.672923700479885,213,203,False,hard_constraint_violation,relocate 71
104,59.37455908197749,213,203,True,soft_constraint_evaluation,swap 45<->43
105,59.0776862865676,213,203,False,hard_constraint_violation,swap 41<->67
106,58.78229785513476,213,203,False,hard_constraint_violation,swap 75<->38
107,58.488386365859085,213,203,False,hard_constraint_violation,swap 25<->56
108,58.19594443402979,213,203,False,hard_constraint_violation,swap 38<->75
109,57.90496471185964,218,203,True,soft_constraint_evaluation,swap 37<->38
110,57.615439888300344,218,203,False,hard_constraint_violation,swap 76<->38
111,57.32736268885884,218,203,False,hard_constraint_violation,swap 68<->63
112,57.040725875414545,218,203,False,hard_constraint_violation,relocate 22
113,56.75552224603747,218,203,False,hard_constraint_violation,swap 37<->76
114,56.47174463480729,221,203,True,soft_constraint_evaluation,swap 26<->19
115,56.18938591163325,216,203,True,soft_constraint_evaluation,swap 37<->38
116,55.90843898207508,217,203,True,soft_constraint_evaluation,swap 52<->66
117,55.628896787164706,217,203,False,hard_constraint_violation,swap 14<->57
118,55.35075230322888,217,203,False,hard_constraint_violation,swap 37<->75
119,55.07399854171273,217,203,False,hard_constraint_violation,swap 61<->18
120,54.79862854900417,217,203,False,hard_constraint_violation,relocate 70
121,54.52463540625915,212,203,True,soft_constraint_evaluation,swap 76<->75
122,54.25201222922785,212,203,False,hard_constraint_violation,swap 63<->60
123,53.980752168081715,212,203,False,hard_constraint_violation,swap 36<->69
124,53.71084840724131,212,203,False,hard_constraint_violation,swap 36<->59
125,53.4422941652051,212,203,False,hard_constraint_violation,swap 38<->76
126,53.17508269437907,212,203,False,hard_constraint_violation,swap 18<->20
127,52.909207280907175,212,203,False,hard_constraint_violation,swap 28<->9
128,52.644661244502636,212,203,False,hard_constraint_violation,swap 76<->38
129,52.38143793828012,212,203,False,soft_constraint_evaluation,swap 76<->75
130,52.11953074858872,212,203,False,hard_constraint_violation,swap 76<->37
131,51.85893309484578,212,203,False,hard_constraint_violation,relocate 41
132,51.59963842937155,212,203,False,hard_constraint_violation,relocate 56
133,51.341640237224695,212,203,False,hard_constraint_violation,relocate 72
134,51.08493203603857,212,203,False,hard_constraint_violation,relocate 65
135,50.82950737585838,217,203,True,soft_constraint_evaluation,swap 37<->38
136,50.57535983897908,217,203,False,hard_constraint_violation,swap 38<->76
137,50.32248303978419,217,203,False,hard_constraint_violation,relocate 71
138,50.07087062458527,217,203,False,hard_constraint_violation,relocate 76
139,49.82051627146234,217,203,False,hard_constraint_violation,swap 57<->18
140,49.571413690105025,217,203,False,hard_constraint_violation,relocate 24
141,49.3235566216545,217,203,False,hard_constraint_violation,swap 38<->76
142,49.076938838546226,217,203,False,hard_constraint_violation,swap 75<->38
143,48.8315541443535,217,203,False,hard_constraint_violation,swap 63<->3
144,48.58739637363173,217,203,False,hard_constraint_violation,relocate 7
145,48.344459391763564,217,203,True,soft_constraint_evaluation,swap 6<->4
146,48.102737094804745,217,203,False,hard_constraint_violation,relocate 26
147,47.862223409330724,217,203,False,hard_constraint_violation,swap 17<->63
148,47.62291229228407,217,203,False,hard_constraint_violation,swap 62<->33
149,47.38479773082265,217,203,False,hard_constraint_violation,relocate 22
150,47.147873742168535,217,203,False,hard_constraint_violation,swap 21<->42
151,46.91213437345769,217,203,False,hard_constraint_violation,swap 42<->51
152,46.677573701590404,217,203,False,hard_constraint_violation,swap 10<->32
153,46.44418583308245,217,203,False,hard_constraint_violation,swap 37<->75
154,46.211964903917035,217,203,False,hard_constraint_violation,relocate 47
155,45.98090507939745,217,203,False,hard_constraint_violation,swap 37<->75
156,45.75100055400046,217,203,False,hard_constraint_violation,swap 56<->65
157,45.52224555123046,222,203,True,soft_constraint_evaluation,swap 76<->75
158,45.29463432347431,222,203,False,hard_constraint_violation,swap 76<->38
159,45.06816115185694,222,203,False,hard_constraint_violation,swap 75<->37
160,44.84282034609765,222,203,False,hard_constraint_violation,relocate 12
161,44.618606244367164,222,203,False,hard_constraint_violation,relocate 32
162,44.39551321314533,222,203,False,hard_constraint_violation,swap 75<->37
163,44.1735356470796,222,203,False,hard_constraint_violation,swap 38<->76
164,43.9526679688442,222,203,False,hard_constraint_violation,swap 75<->38
165,43.73290462899998,222,203,False,hard_constraint_violation,relocate 36
166,43.51424010585498,222,203,False,hard_constraint_violation,swap 11<->31
167,43.2966689053257,222,203,False,hard_constraint_violation,relocate 65
168,43.08018556079907,222,203,False,hard_constraint_violation,relocate 63
169,42.864784632995075,222,203,False,hard_constraint_violation,swap 12<->40
170,42.6504607098301,222,203,False,hard_constraint_violation,swap 42<->50
171,42.43720840628095,217,203,True,soft_constraint_evaluation,swap 76<->75
172,42.22502236424955,217,203,False,hard_constraint_violation,swap 76<->38
173,42.0138972524283,217,203,False,hard_constraint_violation,swap 16<->25
174,41.80382776616616,217,203,True,soft_constraint_evaluation,swap 25<->28
175,41.594808627335325,217,203,False,hard_constraint_violation,relocate 36
176,41.386834584198645,217,203,False,hard_constraint_violation,relocate 70
177,41.17990041127765,217,203,False,hard_constraint_violation,swap 25<->40
178,40.97400090922126,217,203,False,hard_constraint_violation,swap 41<->2
179,40.76913090467515,217,203,False,hard_constraint_violation,relocate 17
180,40.565285250151774,217,203,True,soft_constraint_evaluation,swap 73<->40
181,40.362458823901015,217,203,False,hard_constraint_violation,swap 65<->14
182,40.16064652978151,217,203,False,hard_constraint_violation,relocate 38
183,39.9598432971326,217,203,False,hard_constraint_violation,swap 75<->37
184,39.760044080646935,217,203,False,hard_constraint_violation,relocate 33
185,39.5612438602437,217,203,False,hard_constraint_violation,swap 54<->65
186,39.36343764094248,217,203,False,hard_constraint_violation,swap 20<->41
187,39.16662045273777,217,203,False,hard_constraint_violation,swap 16<->74
188,38.970787350474076,217,203,False,hard_constraint_violation,relocate 29
189,38.7759334137217,217,203,False,soft_constraint_evaluation,swap 75<->76
190,38.582053746653095,217,203,False,hard_constraint_violation,swap 13<->27
191,38.38914347791983,217,203,False,hard_constraint_violation,swap 37<->76
192,38.19719776053023,217,203,False,hard_constraint_violation,swap 21<->1
193,38.00621177172758,217,203,False,hard_constraint_violation,swap 75<->37
194,37.81618071286894,217,203,False,hard_constraint_violation,swap 76<->37
195,37.627099809304596,217,203,False,hard_constraint_violation,swap 38<->76
196,37.43896431025807,211,203,True,soft_constraint_evaluation,swap 20<->35
197,37.251769488706785,211,203,False,hard_constraint_violation,relocate 10
198,37.06551064126325,211,203,False,hard_constraint_violation,swap 75<->38
199,36.88018308805694,211,203,False,hard_constraint_violation,swap 76<->38
200,36.69578217261665,211,203,False,hard_constraint_violation,swap 76<->37
201,36.51230326175357,216,203,True,soft_constraint_evaluation,swap 75<->76
202,36.32974174544481,216,203,False,hard_constraint_violation,swap 35<->6
203,36.14809303671758,216,203,False,hard_constraint_violation,relocate 23
204,35.96735257153399,216,203,False,hard_constraint_violation,swap 75<->37
205,35.787515808676325,216,203,False,hard_constraint_violation,relocate 58
206,35.60857822963294,216,203,False,hard_constraint_violation,relocate 63
207,35.43053533848477,216,203,False,hard_constraint_violation,swap 37<->76
208,35.25338266179235,211,203,True,soft_constraint_evaluation,swap 75<->76
209,35.077115748483386,211,203,False,hard_constraint_violation,relocate 73
210,34.90173016974097,211,203,False,hard_constraint_violation,swap 75<->38
211,34.727221518892264,211,203,False,hard_constraint_violation,swap 37<->75
212,34.5535854112978,211,203,False,hard_constraint_violation,relocate 62
213,34.38081748424131,216,203,True,soft_constraint_evaluation,swap 76<->75
214,34.20891339682011,216,203,False,hard_constraint_violation,swap 38<->76
215,34.03786882983601,216,203,False,hard_constraint_violation,swap 37<->76
216,33.86767948568683,216,203,False,hard_constraint_violation,relocate 31
217,33.698341088258395,216,203,False,hard_constraint_violation,swap 73<->55
218,33.529849382817105,216,203,False,hard_constraint_violation,swap 62<->16
219,33.36220013590302,218,203,True,soft_constraint_evaluation,swap 66<->40
220,33.1953891352235,218,203,False,hard_constraint_violation,swap 76<->37
221,33.02941218954738,218,203,False,hard_constraint_violation,swap 52<->25
222,32.86426512859964,218,203,False,hard_constraint_violation,relocate 68
223,32.69994380295664,218,203,False,hard_constraint_violation,relocate 36
224,32.53644408394186,213,203,True,soft_constraint_evaluation,swap 37<->38
225,32.37376186352215,213,203,False,hard_constraint_violation,relocate 76
226,32.21189305420454,213,203,False,hard_constraint_violation,relocate 65
227,32.050833588933514,213,203,False,hard_constraint_violation,swap 75<->38
228,31.890579420988846,213,203,False,hard_constraint_violation,swap 76<->38
229,31.7311265238839,213,203,False,hard_constraint_violation,relocate 31
230,31.57247089126448,218,203,True,soft_constraint_evaluation,swap 37<->38
231,31.414608536808156,218,203,False,hard_constraint_violation,relocate 51
232,31.257535494124117,218,203,False,hard_constraint_violation,relocate 20
233,31.101247816653498,218,203,False,hard_constraint_violation,relocate 17
234,30.94574157757023,218,203,False,hard_constraint_violation,relocate 45
235,30.79101286968238,218,203,False,hard_constraint_violation,relocate 59
236,30.637057805333967,218,203,False,hard_constraint_violation,swap 37<->75
237,30.483872516307297,218,203,False,hard_constraint_violation,swap 10<->63
238,30.33145315372576,218,203,False,hard_constraint_violation,relocate 34
239,30.17979588795713,213,203,True,soft_constraint_evaluation,swap 37<->38
240,30.028896908517346,213,203,False,hard_constraint_violation,relocate 71
241,29.87875242397476,213,203,False,hard_constraint_violation,relocate 65
242,29.729358661854885,213,203,False,hard_constraint_violation,swap 31<->39
243,29.58071186854561,213,203,False,hard_constraint_violation,relocate 12
244,29.43280830920288,213,203,False,hard_constraint_violation,relocate 13
245,29.285644267656867,213,203,False,hard_constraint_violation,swap 37<->76
246,29.139216046318584,213,203,False,hard_constraint_violation,swap 40<->48
247,28.99351996608699,213,203,False,hard_constraint_violation,swap 32<->70
248,28.848552366256556,213,203,True,soft_constraint_evaluation,swap 22<->23
249,28.704309604425273,213,203,False,hard_constraint_violation,swap 38<->76
250,28.560788056403148,213,203,True,soft_constraint_evaluation,relocate 19
251,28.417984116121133,213,203,False,hard_constraint_violation,swap 76<->38
252,28.275894195540527,208,203,True,soft_constraint_evaluation,swap 75<->76
253,28.134514724562823,202,202,True,soft_constraint_evaluation,swap 59<->47
254,27.993842150940008,202,202,False,hard_constraint_violation,relocate 41
255,27.85387294018531,202,202,False,hard_constraint_violation,swap 75<->37
256,27.714603575484382,202,202,False,hard_constraint_violation,relocate 64
257,27.57603055760696,207,202,True,soft_constraint_evaluation,swap 75<->76
258,27.438150404818924,207,202,False,hard_constraint_violation,relocate 53
259,27.30095965279483,207,202,False,hard_constraint_violation,swap 66<->39
260,27.164454854530856,207,202,False,hard_constraint_violation,relocate 30
261,27.0286325802582,207,202,False,hard_constraint_violation,relocate 29
262,26.89348941735691,207,202,False,hard_constraint_violation,swap 13<->6
263,26.759021970270126,207,202,False,hard_constraint_violation,swap 37<->75
264,26.625226860418774,207,202,False,hard_constraint_violation,swap 12<->40
265,26.49210072611668,212,202,True,soft_constraint_evaluation,swap 38<->37
266,26.359640222486096,212,202,False,hard_constraint_violation,swap 75<->37
267,26.227842021373664,207,202,True,soft_constraint_evaluation,swap 75<->76
268,26.096702811266795,207,202,False,hard_constraint_violation,relocate 15
269,25.96621929721046,207,202,True,soft_constraint_evaluation,relocate 19
270,25.836388200724407,207,202,False,hard_constraint_violation,relocate 53
271,25.707206259720785,202,202,True,soft_constraint_evaluation,swap 37<->38
272,25.57867022842218,207,202,True,soft_constraint_evaluation,swap 75<->76
273,25.45077687728007,207,202,False,hard_constraint_violation,swap 75<->37
274,25.32352299289367,207,202,False,hard_constraint_violation,swap 37<->75
275,25.1969053779292,207,202,False,hard_constraint_violation,relocate 74
276,25.070920851039553,207,202,False,hard_constraint_violation,relocate 29
277,24.945566246784356,202,202,True,soft_constraint_evaluation,swap 75<->76
278,24.820838415550433,202,202,True,soft_constraint_evaluation,swap 6<->5
279,24.69673422347268,202,202,False,hard_constraint_violation,swap 37<->76
280,24.57325055235532,202,202,True,soft_constraint_evaluation,swap 52<->61
281,24.45038429959354,202,202,False,hard_constraint_violation,swap 38<->76
282,24.328132378095574,202,202,False,hard_constraint_violation,swap 76<->38
283,24.206491716205097,202,202,False,hard_constraint_violation,swap 38<->76
284,24.08545925762407,202,202,False,hard_constraint_violation,swap 49<->13
285,23.96503196133595,202,202,False,hard_constraint_violation,relocate 50
286,23.84520680152927,202,202,False,hard_constraint_violation,relocate 48
287,23.725980767521623,202,202,True,soft_constraint_evaluation,swap 16<->61
288,23.607350863684015,202,202,True,soft_constraint_evaluation,swap 3<->7
289,23.489314109365594,202,202,False,hard_constraint_violation,relocate 32
290,23.371867538818766,202,202,False,hard_constraint_violation,relocate 27
291,23.25500820112467,202,202,False,hard_constraint_violation,relocate 73
292,23.13873316011905,202,202,False,hard_constraint_violation,swap 45<->19
293,23.023039494318454,202,202,False,hard_constraint_violation,relocate 1
294,22.90792429684686,202,202,False,hard_constraint_violation,relocate 19
295,22.793384675362628,202,202,False,hard_constraint_violation,swap 15<->4
296,22.679417751985813,202,202,False,hard_constraint_violation,swap 38<->75
297,22.566020663225885,202,202,False,hard_constraint_violation,swap 34<->7
298,22.453190559909757,202,202,False,hard_constraint_violation,swap 37<->75
299,22.340924607110207,207,202,True,soft_constraint_evaluation,swap 75<->76
300,22.229219984074657,207,202,False,hard_constraint_violation,swap 6<->69
301,22.118073884154285,207,202,False,hard_constraint_violation,swap 8<->64
302,22.00748351473351,207,202,False,hard_constraint_violation,relocate 57
303,21.897446097159843,207,202,False,hard_constraint_violation,swap 37<->76
304,21.787958866674042,207,202,False,hard_constraint_violation,swap 9<->17
305,21.679019072340672,202,202,True,soft_constraint_evaluation,swap 76<->75
306,21.57062397697897,202,202,False,hard_constraint_violation,swap 76<->37
307,21.462770857094075,202,202,False,hard_constraint_violation,relocate 15
308,21.355457002808603,202,202,False,hard_constraint_violation,relocate 28
309,21.24867971779456,205,202,True,soft_constraint_evaluation,swap 55<->46
310,21.142436319205586,205,202,False,hard_constraint_violation,swap 43<->57
311,21.036724137609557,205,202,False,hard_constraint_violation,swap 75<->37
312,20.93154051692151,205,202,False,hard_constraint_violation,swap 37<->76
313,20.8268828143369,205,202,False,hard_constraint_violation,relocate 12
314,20.722748400265218,205,202,False,hard_constraint_violation,swap 38<->75
315,20.619134658263892,210,202,True,soft_constraint_evaluation,swap 37<->38
316,20.51603898497257,205,202,True,soft_constraint_evaluation,swap 37<->38
317,20.41345879004771,205,202,False,hard_constraint_violation,swap 37<->75
318,20.31139149609747,205,202,False,hard_constraint_violation,swap 64<->29
319,20.209834538616985,205,202,False,hard_constraint_violation,relocate 47
320,20.1087853659239,205,202,False,hard_constraint_violation,swap 38<->76
321,20.00824143909428,205,202,True,soft_constraint_evaluation,relocate 74
322,19.90820023189881,205,202,False,hard_constraint_violation,swap 37<->76
323,19.808659230739316,205,202,False,hard_constraint_violation,swap 75<->38
324,19.70961593458562,205,202,False,hard_constraint_violation,swap 54<->9
325,19.611067854912694,205,202,False,hard_constraint_violation,swap 12<->70
326,19.51301251563813,205,202,False,hard_constraint_violation,swap 76<->38
327,19.41544745305994,210,202,True,soft_constraint_evaluation,swap 75<->76
328,19.31837021579464,210,202,False,hard_constraint_violation,relocate 20
329,19.221778364715668,210,202,False,hard_constraint_violation,relocate 7
330,19.12566947289209,205,202,True,soft_constraint_evaluation,swap 76<->75
331,19.030041125527628,205,202,False,hard_constraint_violation,swap 38<->75
332,18.93489091989999,210,202,True,soft_constraint_evaluation,swap 37<->38
333,18.84021646530049,210,202,False,hard_constraint_violation,swap 37<->76
334,18.746015382973987,210,202,False,hard_constraint_violation,swap 1<->27
335,18.652285306059117,210,202,False,hard_constraint_violation,swap 18<->33
336,18.55902387952882,210,202,False,hard_constraint_violation,swap 1<->66
337,18.466228760131177,210,202,False,hard_constraint_violation,relocate 23
338,18.37389761633052,202,202,True,soft_constraint_evaluation,swap 67<->74
339,18.282028128248868,202,202,False,hard_constraint_violation,relocate 48
340,18.190617987607624,202,202,False,hard_constraint_violation,swap 58<->3
341,18.099664897669584,202,202,False,hard_constraint_violation,swap 43<->57
342,18.009166573181236,202,202,False,hard_constraint_violation,swap 75<->37
343,17.91912074031533,202,202,False,hard_constraint_violation,swap 38<->75
344,17.829525136613753,197,197,True,soft_constraint_evaluation,swap 37<->38
345,17.740377510930685,197,197,False,hard_constraint_violation,relocate 32
346,17.651675623376033,197,197,False,hard_constraint_violation,swap 53<->42
347,17.563417245259153,197,197,False,hard_constraint_violation,relocate 29
348,17.475600159032858,197,197,False,hard_constraint_violation,relocate 10
349,17.388222158237692,197,197,False,hard_constraint_violation,swap 47<->19
350,17.301281047446505,197,197,False,hard_constraint_violation,swap 33<->26
351,17.21477464220927,197,197,False,hard_constraint_violation,swap 10<->23
352,17.128700768998225,197,197,False,hard_constraint_violation,relocate 66
353,17.043057265153234,197,197,False,hard_constraint_violation,relocate 75
354,16.957841978827467,197,197,False,hard_constraint_violation,swap 75<->37
355,16.87305276893333,202,197,True,soft_constraint_evaluation,swap 76<->75
356,16.788687505088664,202,197,False,hard_constraint_violation,swap 48<->67
357,16.70474406756322,202,197,False,hard_constraint_violation,swap 76<->37
358,16.621220347225403,202,197,False,hard_constraint_violation,swap 37<->75
359,16.538114245489275,202,197,False,hard_constraint_violation,relocate 12
360,16.45542367426183,197,197,True,soft_constraint_evaluation,swap 76<->75
361,16.37314655589052,197,197,False,hard_constraint_violation,swap 60<->25
362,16.29128082311107,202,197,True,soft_constraint_evaluation,swap 38<->37
363,16.209824418995513,202,197,False,hard_constraint_violation,relocate 46
364,16.128775296900535,204,197,True,soft_constraint_evaluation,swap 6<->32
365,16.048131420416034,204,197,False,hard_constraint_violation,relocate 70
366,15.967890763313953,204,197,False,hard_constraint_violation,swap 75<->38
367,15.888051309497383,204,197,False,hard_constraint_violation,swap 37<->75
368,15.808611052949896,204,197,False,hard_constraint_violation,swap 45<->13
369,15.729567997685146,204,197,False,hard_constraint_violation,swap 75<->38
370,15.65092015769672,204,197,False,hard_constraint_violation,relocate 20
371,15.572665556908238,204,197,False,hard_constraint_violation,swap 47<->42
372,15.494802229123696,204,197,False,hard_constraint_violation,relocate 53
373,15.417328217978078,204,197,False,hard_constraint_violation,swap 42<->74
374,15.340241576888188,204,197,False,hard_constraint_violation,swap 38<->75
375,15.263540369003747,204,197,False,hard_constraint_violation,relocate 70
376,15.187222667158728,204,197,False,hard_constraint_violation,swap 75<->37
377,15.111286553822934,204,197,False,hard_constraint_violation,swap 28<->46
378,15.035730121053819,204,197,False,hard_constraint_violation,relocate 65
379,14.96055147044855,204,197,False,hard_constraint_violation,swap 20<->10
380,14.885748713096307,204,197,False,hard_constraint_violation,swap 67<->72
381,14.811319969530825,204,197,False,hard_constraint_violation,relocate 70
382,14.73726336968317,204,197,False,hard_constraint_violation,swap 51<->20
383,14.663577052834754,204,197,False,hard_constraint_violation,swap 59<->6
384,14.59025916757058,206,197,True,soft_constraint_evaluation,swap 59<->39
385,14.517307871732726,206,197,False,hard_constraint_violation,relocate 30
386,14.444721332374062,206,197,False,hard_constraint_violation,swap 38<->76
387,14.372497725712192,206,197,False,hard_constraint_violation,swap 76<->38
388,14.30063523708363,206,197,False,hard_constraint_violation,relocate 67
389,14.229132060898213,206,197,False,hard_constraint_violation,swap 26<->18
390,14.157986400593721,206,197,False,hard_constraint_violation,relocate 7
391,14.087196468590752,206,197,False,hard_constraint_violation,relocate 73
392,14.016760486247799,206,197,False,hard_constraint_violation,relocate 69
393,13.94667668381656,206,197,False,hard_constraint_violation,swap 35<->60
394,13.876943300397478,206,197,False,hard_constraint_violation,relocate 19
395,13.80755858389549,206,197,False,hard_constraint_violation,swap 60<->47
396,13.738520790976013,206,197,False,hard_constraint_violation,relocate 56
397,13.669828187021134,206,197,False,hard_constraint_violation,swap 38<->76
398,13.601479046086029,206,197,False,hard_constraint_violation,relocate 50
399,13.5334716508556,206,197,False,hard_constraint_violation,swap 45<->19
400,13.465804292601321,206,197,False,soft_constraint_evaluation,swap 76<->75
401,13.398475271138315,206,197,False,hard_constraint_violation,relocate 63
402,13.331482894782622,206,197,False,hard_constraint_violation,swap 3<->33
403,13.264825480308708,206,197,False,hard_constraint_violation,swap 73<->70
404,13.198501352907165,206,197,False,hard_constraint_violation,swap 38<->76
405,13.13250884614263,206,197,False,hard_constraint_violation,swap 56<->61
406,13.066846301911916,206,197,False,hard_constraint_violation,swap 37<->75
407,13.001512070402356,206,197,False,hard_constraint_violation,swap 19<->40
408,12.936504510050344,206,197,False,hard_constraint_violation,swap 38<->75
409,12.871821987500093,206,197,False,hard_constraint_violation,swap 70<->49
410,12.807462877562592,206,197,False,hard_constraint_violation,swap 52<->63
411,12.74342556317478,206,197,False,hard_constraint_violation,swap 75<->38
412,12.679708435358906,206,197,False,hard_constraint_violation,relocate 48
413,12.61630989318211,206,197,False,hard_constraint_violation,swap 45<->18
414,12.5532283437162,206,197,False,hard_constraint_violation,swap 38<->75
415,12.490462201997618,201,197,True,soft_constraint_evaluation,swap 38<->37
416,12.42800989098763,206,197,True,soft_constraint_evaluation,swap 37<->38
417,12.365869841532692,206,197,False,hard_constraint_violation,relocate 6
418,12.30404049232503,206,197,False,hard_constraint_violation,relocate 68
419,12.242520289863403,206,197,False,hard_constraint_violation,relocate 72
420,12.181307688414087,206,197,False,hard_constraint_violation,swap 39<->48
421,12.120401149972016,206,197,False,hard_constraint_violation,relocate 7
422,12.059799144222156,206,197,False,hard_constraint_violation,swap 76<->38
423,11.999500148501046,206,197,False,hard_constraint_violation,relocate 52
424,11.939502647758541,206,197,False,hard_constraint_violation,relocate 66
425,11.879805134519748,206,197,False,hard_constraint_violation,swap 37<->75
426,11.820406108847148,206,197,False,hard_constraint_violation,swap 38<->75
427,11.761304078302913,206,197,False,hard_constraint_violation,swap 11<->44
428,11.702497557911398,206,197,False,soft_constraint_evaluation,swap 76<->75
429,11.643985070121841,206,197,False,hard_constraint_violation,swap 75<->38
430,11.585765144771232,206,197,False,hard_constraint_violation,swap 76<->38
431,11.527836319047376,206,197,False,hard_constraint_violation,swap 10<->54
432,11.47019713745214,206,197,False,hard_constraint_violation,swap 4<->19
433,11.412846151764878,206,197,False,hard_constraint_violation,relocate 59
434,11.355781921006054,206,197,True,soft_constraint_evaluation,swap 49<->52
435,11.299003011401023,206,197,False,hard_constraint_violation,relocate 5
436,11.242507996344019,206,197,False,hard_constraint_violation,swap 75<->38
437,11.186295456362298,206,197,False,hard_constraint_violation,swap 18<->70
438,11.130363979080487,206,197,False,hard_constraint_violation,swap 75<->37
439,11.074712159185085,206,197,False,hard_constraint_violation,relocate 4
440,11.01933859838916,201,197,True,soft_constraint_evaluation,swap 37<->38
441,10.964241905397214,201,197,True,soft_constraint_evaluation,relocate 60
442,10.909420695870228,201,197,False,hard_constraint_violation,relocate 39
443,10.854873592390877,201,197,True,soft_constraint_evaluation,swap 10<->60
444,10.800599224428924,201,197,False,hard_constraint_violation,swap 37<->75
445,10.746596228306778,201,197,False,hard_constraint_violation,relocate 43
446,10.692863247165244,201,197,True,soft_constraint_evaluation,relocate 73
447,10.639398930929417,201,197,False,hard_constraint_violation,swap 38<->75
448,10.58620193627477,201,197,False,hard_constraint_violation,relocate 23
449,10.533270926593397,201,197,False,hard_constraint_violation,swap 26<->18
450,10.48060457196043,206,197,True,soft_constraint_evaluation,swap 37<->38
451,10.428201549100628,206,197,True,soft_constraint_evaluation,swap 12<->9
452,10.376060541355125,206,197,False,hard_constraint_violation,swap 76<->38
453,10.32418023864835,206,197,False,hard_constraint_violation,relocate 10
454,10.272559337455107,206,197,False,hard_constraint_violation,relocate 10
455,10.221196540767831,206,197,False,hard_constraint_violation,swap 38<->75
456,10.170090558063992,206,197,False,hard_constraint_violation,swap 17<->58
457,10.119240105273672,206,197,False,hard_constraint_violation,swap 16<->69
458,10.068643904747304,206,197,False,hard_constraint_violation,swap 21<->44
459,10.018300685223569,206,197,False,hard_constraint_violation,relocate 29
460,9.96820918179745,206,197,False,hard_constraint_violation,relocate 69
461,9.918368135888462,206,197,False,hard_constraint_violation,relocate 33
462,9.86877629520902,206,197,False,hard_constraint_violation,swap 38<->75
463,9.819432413732976,206,197,False,hard_constraint_violation,swap 67<->22
464,9.77033525166431,206,197,False,hard_constraint_violation,swap 22<->46
465,9.721483575405989,206,197,False,hard_constraint_violation,relocate 37
466,9.67287615752896,206,197,False,hard_constraint_violation,relocate 4
467,9.624511776741315,206,197,False,hard_constraint_violation,swap 38<->75
468,9.576389217857608,202,197,True,soft_constraint_evaluation,swap 66<->72
469,9.528507271768321,202,197,False,hard_constraint_violation,swap 76<->37
470,9.48086473540948,202,197,False,hard_constraint_violation,relocate 54
471,9.433460411732431,202,197,False,hard_constraint_violation,swap 21<->59
472,9.386293109673769,202,197,False,hard_constraint_violation,swap 38<->76
473,9.3393616441254,202,197,False,soft_constraint_evaluation,swap 75<->76
474,9.292664835904773,202,197,False,hard_constraint_violation,swap 38<->76
475,9.24620151172525,202,197,False,hard_constraint_violation,swap 43<->31
476,9.199970504166624,202,197,False,hard_constraint_violation,swap 76<->37
477,9.15397065164579,202,197,False,hard_constraint_violation,swap 40<->52
478,9.108200798387562,202,197,False,hard_constraint_violation,relocate 56
479,9.062659794395625,202,197,False,hard_constraint_violation,relocate 21
480,9.017346495423647,202,197,False,hard_constraint_violation,relocate 43
481,8.972259762946528,202,197,False,hard_constraint_violation,relocate 66
482,8.927398464131796,202,197,False,hard_constraint_violation,swap 76<->37
483,8.882761471811138,202,197,False,hard_constraint_violation,swap 76<->37
484,8.838347664452082,202,197,False,hard_constraint_violation,swap 37<->76
485,8.794155926129822,207,197,True,soft_constraint_evaluation,swap 75<->76
486,8.750185146499172,207,197,False,hard_constraint_violation,swap 34<->49
487,8.706434220766676,207,197,False,hard_constraint_violation,relocate 49
488,8.662902049662842,207,197,False,hard_constraint_violation,swap 49<->73
489,8.619587539414528,202,197,True,soft_constraint_evaluation,swap 76<->75
490,8.576489601717455,202,197,False,hard_constraint_violation,swap 17<->13
491,8.533607153708868,202,197,False,hard_constraint_violation,swap 75<->37
492,8.490939117940323,202,197,False,hard_constraint_violation,swap 37<->76
493,8.44848442235062,207,197,True,soft_constraint_evaluation,swap 76<->75
494,8.406242000238867,207,197,True,soft_constraint_evaluation,swap 44<->43
495,8.364210790237673,202,197,True,soft_constraint_evaluation,swap 75<->76
496,8.322389736286484,202,197,False,hard_constraint_violation,relocate 71
497,8.280777787605052,202,197,False,hard_constraint_violation,relocate 41
498,8.239373898667026,202,197,False,hard_constraint_violation,relocate 50
499,8.19817702917369,202,197,False,soft_constraint_evaluation,swap 75<->76
500,8.157186144027822,202,197,False,soft_constraint_evaluation,swap 75<->76
501,8.116400213307683,202,197,False,hard_constraint_violation,relocate 38
502,8.075818212241145,202,197,False,hard_constraint_violation,relocate 75
503,8.03543912117994,202,197,False,hard_constraint_violation,swap 38<->75
504,7.99526192557404,202,197,False,hard_constraint_violation,swap 25<->3
505,7.95528561594617,202,197,False,hard_constraint_violation,swap 38<->76
506,7.915509187866439,202,197,False,soft_constraint_evaluation,swap 76<->75
507,7.875931641927107,202,197,False,hard_constraint_violation,relocate 69
508,7.836551983717471,202,197,False,hard_constraint_violation,swap 76<->38
509,7.797369223798884,202,197,False,hard_constraint_violation,relocate 61
510,7.758382377679889,207,197,True,soft_constraint_evaluation,swap 75<->76
511,7.71959046579149,207,197,False,hard_constraint_violation,relocate 36
512,7.680992513462533,202,197,True,soft_constraint_evaluation,swap 75<->76
513,7.64258755089522,202,197,False,hard_constraint_violation,swap 75<->38
514,7.6043746131407435,202,197,False,hard_constraint_violation,swap 75<->37
515,7.56635274007504,202,197,False,hard_constraint_violation,swap 76<->38
516,7.528520976374664,202,197,False,hard_constraint_violation,relocate 19
517,7.490878371492791,200,197,True,soft_constraint_evaluation,swap 47<->59
518,7.4534239796353265,195,195,True,soft_constraint_evaluation,swap 38<->37
519,7.41615685973715,195,195,False,hard_constraint_violation,relocate 35
520,7.379076075438464,195,195,False,hard_constraint_violation,swap 14<->31
521,7.342180695061272,195,195,False,hard_constraint_violation,swap 30<->7
522,7.305469791585965,195,195,False,hard_constraint_violation,swap 76<->37
523,7.268942442628036,195,195,False,hard_constraint_violation,swap 1<->73
524,7.232597730414895,195,195,False,hard_constraint_violation,relocate 21
525,7.19643474176282,200,195,True,soft_constraint_evaluation,swap 76<->75
526,7.160452568054006,200,195,False,hard_constraint_violation,relocate 44
527,7.124650305213736,200,195,False,hard_constraint_violation,swap 30<->71
528,7.089027053687667,200,195,False,hard_constraint_violation,relocate 5
529,7.053581918419229,200,195,False,hard_constraint_violation,swap 5<->53
530,7.018314008827133,200,195,False,hard_constraint_violation,relocate 24
531,6.983222438782997,200,195,False,hard_constraint_violation,relocate 2
532,6.948306326589082,200,195,True,soft_constraint_evaluation,swap 45<->39
533,6.9135647949561365,200,195,False,hard_constraint_violation,swap 38<->75
534,6.878996970981356,200,195,False,hard_constraint_violation,swap 15<->45
535,6.844601986126449,195,195,True,soft_constraint_evaluation,swap 75<->76
536,6.810378976195817,195,195,False,soft_constraint_evaluation,swap 75<->76
537,6.776327081314838,200,195,True,soft_constraint_evaluation,swap 76<->75
538,6.742445445908263,200,195,False,hard_constraint_violation,swap 24<->18
539,6.708733218678722,200,195,False,hard_constraint_violation,swap 1<->34
540,6.675189552585328,200,195,False,hard_constraint_violation,swap 75<->38
541,6.641813604822402,200,195,False,hard_constraint_violation,swap 34<->49
542,6.60860453679829,200,195,False,hard_constraint_violation,swap 16<->62
543,6.575561514114298,195,195,True,soft_constraint_evaluation,swap 75<->76
544,6.542683706543727,200,195,True,soft_constraint_evaluation,swap 75<->76
545,6.509970288011008,200,195,False,hard_constraint_violation,relocate 64
546,6.477420436570953,195,195,True,soft_constraint_evaluation,swap 76<->75
547,6.445033334388098,195,195,False,soft_constraint_evaluation,swap 38<->37
548,6.4128081677161575,191,191,True,soft_constraint_evaluation,swap 70<->60
549,6.380744126877577,191,191,False,hard_constraint_violation,swap 37<->75
550,6.348840406243189,191,191,False,hard_constraint_violation,swap 71<->20
551,6.317096204211973,191,191,False,hard_constraint_violation,swap 37<->75
552,6.285510723190913,191,191,False,hard_constraint_violation,swap 37<->75
553,6.254083169574958,191,191,False,hard_constraint_violation,swap 61<->17
554,6.222812753727084,191,191,False,hard_constraint_violation,swap 37<->75
555,6.191698689958448,196,191,True,soft_constraint_evaluation,swap 37<->38
556,6.160740196508656,196,191,False,hard_constraint_violation,swap 10<->6
557,6.129936495526112,196,191,False,hard_constraint_violation,swap 72<->8
558,6.099286813048482,196,191,False,hard_constraint_violation,relocate 9
559,6.068790378983239,191,191,True,soft_constraint_evaluation,swap 38<->37
560,6.038446427088323,191,191,False,hard_constraint_violation,relocate 56
561,6.008254194952881,191,191,False,hard_constraint_violation,relocate 51
562,5.978212923978117,191,191,False,hard_constraint_violation,relocate 51
563,5.948321859358226,191,191,False,hard_constraint_violation,swap 47<->16
564,5.918580250061435,191,191,False,hard_constraint_violation,swap 38<->75
565,5.888987348811128,191,191,False,hard_constraint_violation,relocate 1
566,5.859542412067072,191,191,False,hard_constraint_violation,relocate 62
567,5.830244700006737,191,191,False,soft_constraint_evaluation,swap 38<->37
568,5.801093476506703,191,191,False,hard_constraint_violation,swap 15<->5
569,5.77208800912417,191,191,False,hard_constraint_violation,relocate 56
570,5.743227569078549,191,191,False,hard_constraint_violation,relocate 3
571,5.714511431233156,191,191,False,hard_constraint_violation,swap 5<->60
572,5.68593887407699,189,189,True,soft_constraint_evaluation,swap 32<->6
573,5.657509179706604,189,189,False,hard_constraint_violation,swap 72<->28
574,5.629221633808071,189,189,False,hard_constraint_violation,relocate 8
575,5.601075525639031,189,189,False,hard_constraint_violation,swap 38<->75
576,5.573070148010836,189,189,False,hard_constraint_violation,swap 38<->76
577,5.545204797270782,189,189,False,hard_constraint_violation,relocate 69
578,5.517478773284428,189,189,False,hard_constraint_violation,swap 37<->75
579,5.489891379418006,189,189,False,hard_constraint_violation,relocate 23
580,5.462441922520917,189,189,True,soft_constraint_evaluation,swap 47<->51
581,5.435129712908312,189,189,False,hard_constraint_violation,relocate 43
582,5.4079540643437705,189,189,False,hard_constraint_violation,swap 76<->37
583,5.380914294022052,189,189,False,hard_constraint_violation,relocate 63
584,5.354009722551941,189,189,False,hard_constraint_violation,relocate 41
585,5.327239673939181,189,189,False,hard_constraint_violation,relocate 8
586,5.300603475569486,189,189,False,hard_constraint_violation,swap 38<->76
587,5.274100458191638,189,189,False,hard_constraint_violation,swap 45<->11
588,5.24772995590068,189,189,False,hard_constraint_violation,relocate 50
589,5.221491306121177,189,189,False,hard_constraint_violation,swap 7<->35
590,5.195383849590571,189,189,False,hard_constraint_violation,swap 10<->25
591,5.169406930342618,189,189,False,hard_constraint_violation,relocate 76
592,5.143559895690904,189,189,True,soft_constraint_evaluation,swap 45<->41
593,5.11784209621245,189,189,False,hard_constraint_violation,relocate 2
594,5.092252885731388,189,189,False,hard_constraint_violation,relocate 16
595,5.066791621302731,189,189,False,hard_constraint_violation,relocate 27
596,5.041457663196217,189,189,False,hard_constraint_violation,relocate 73
597,5.0162503748802365,189,189,False,hard_constraint_violation,relocate 51
598,4.991169123005835,189,189,False,hard_constraint_violation,swap 75<->38
599,4.966213277390806,189,189,False,hard_constraint_violation,swap 76<->37
600,4.941382211003852,189,189,False,hard_constraint_violation,relocate 63
601,4.916675299948833,189,189,False,hard_constraint_violation,relocate 50
602,4.8920919234490885,189,189,False,hard_constraint_violation,swap 19<->3
603,4.867631463831843,189,189,False,hard_constraint_violation,swap 75<->37
604,4.843293306512684,189,189,False,hard_constraint_violation,swap 51<->32
605,4.81907683998012,189,189,False,hard_constraint_violation,swap 75<->38
606,4.79498145578022,189,189,False,hard_constraint_violation,relocate 65
607,4.771006548501319,189,189,False,soft_constraint_evaluation,swap 38<->37
608,4.747151515758812,189,189,False,hard_constraint_violation,swap 70<->5
609,4.7234157581800185,189,189,False,hard_constraint_violation,relocate 10
610,4.699798679389119,189,189,False,hard_constraint_violation,relocate 55
611,4.676299685992173,189,189,False,hard_constraint_violation,relocate 30
612,4.652918187562212,189,189,False,hard_constraint_violation,relocate 2
613,4.629653596624401,189,189,False,hard_constraint_violation,swap 37<->75
614,4.606505328641279,189,189,False,hard_constraint_violation,swap 76<->37
615,4.583472801998073,189,189,False,hard_constraint_violation,swap 37<->76
616,4.560555437988082,189,189,False,hard_constraint_violation,swap 75<->37
617,4.537752660798142,189,189,False,soft_constraint_evaluation,swap 38<->37
618,4.515063897494151,189,189,False,hard_constraint_violation,swap 25<->70
619,4.49248857800668,189,189,False,hard_constraint_violation,swap 75<->38
620,4.470026135116647,194,189,True,soft_constraint_evaluation,swap 76<->75
621,4.447676004441063,194,189,False,hard_constraint_violation,swap 37<->75
622,4.425437624418858,194,189,False,hard_constraint_violation,relocate 5
623,4.403310436296763,194,189,False,hard_constraint_violation,swap 76<->37
624,4.38129388411528,194,189,False,hard_constraint_violation,swap 11<->66
625,4.359387414694703,194,189,False,hard_constraint_violation,relocate 45
626,4.33759047762123,194,189,False,hard_constraint_violation,relocate 13
627,4.315902525233124,194,189,False,hard_constraint_violation,relocate 30
628,4.2943230126069585,194,189,False,hard_constraint_violation,relocate 37
629,4.272851397543923,194,189,False,hard_constraint_violation,swap 36<->72
630,4.251487140556204,194,189,False,hard_constraint_violation,swap 23<->43
631,4.230229704853423,194,189,False,hard_constraint_violation,swap 19<->53
632,4.209078556329156,194,189,False,hard_constraint_violation,relocate 41
633,4.1880331635475105,194,189,False,hard_constraint_violation,swap 75<->38
634,4.167092997729773,194,189,False,hard_constraint_violation,relocate 18
635,4.1462575327411235,194,189,False,hard_constraint_violation,swap 37<->76
636,4.125526245077418,194,189,False,hard_constraint_violation,swap 46<->53
637,4.104898613852031,194,189,False,hard_constraint_violation,relocate 44
638,4.084374120782771,194,189,False,hard_constraint_violation,swap 76<->37
639,4.063952250178857,194,189,False,hard_constraint_violation,swap 76<->37
640,4.043632488927963,194,189,False,hard_constraint_violation,swap 37<->75
641,4.023414326483323,194,189,True,soft_constraint_evaluation,swap 10<->11
642,4.0032972548509065,194,189,False,hard_constraint_violation,swap 38<->75
643,3.983280768576652,194,189,False,hard_constraint_violation,swap 37<->76
644,3.9633643647337684,194,189,False,hard_constraint_violation,swap 76<->38
645,3.9435475429100997,194,189,False,hard_constraint_violation,relocate 14
646,3.9238298051955494,189,189,True,soft_constraint_evaluation,swap 76<->75
647,3.9042106561695715,189,189,False,hard_constraint_violation,swap 37<->76
648,3.8846896028887237,185,185,True,soft_constraint_evaluation,swap 44<->52
649,3.86526615487428,185,185,False,hard_constraint_violation,swap 76<->37
650,3.8459398240999088,185,185,True,soft_constraint_evaluation,relocate 74
651,3.8267101249794093,185,185,False,hard_constraint_violation,swap 51<->22
652,3.8075765743545125,185,185,False,hard_constraint_violation,swap 75<->38
653,3.78853869148274,185,185,False,hard_constraint_violation,swap 58<->36
654,3.769595998025326,190,185,True,soft_constraint_evaluation,swap 37<->38
655,3.7507480180351997,190,185,False,hard_constraint_violation,swap 38<->76
656,3.7319942779450237,185,185,True,soft_constraint_evaluation,swap 37<->38
657,3.7133343065552986,185,185,False,hard_constraint_violation,swap 75<->38
658,3.6947676350225223,185,185,True,soft_constraint_evaluation,swap 41<->44
659,3.6762937968474096,185,185,False,hard_constraint_violation,swap 64<->43
660,3.6579123278631727,185,185,False,hard_constraint_violation,swap 75<->38
661,3.639622766223857,185,185,False,hard_constraint_violation,relocate 65
662,3.621424652392738,185,185,False,hard_constraint_violation,relocate 44
663,3.603317529130774,185,185,False,hard_constraint_violation,swap 75<->37
664,3.5853009414851202,185,185,False,hard_constraint_violation,relocate 26
665,3.5673744367776945,185,185,False,hard_constraint_violation,relocate 24
666,3.549537564593806,185,185,False,hard_constraint_violation,swap 38<->76
667,3.5317898767708367,185,185,False,hard_constraint_violation,relocate 9
668,3.5141309273869825,185,185,False,hard_constraint_violation,swap 41<->31
669,3.4965602727500475,185,185,False,hard_constraint_violation,swap 57<->51
670,3.4790774713862973,185,185,False,soft_constraint_evaluation,swap 76<->75
671,3.461682084029366,185,185,False,hard_constraint_violation,relocate 56
672,3.444373673609219,185,185,False,hard_constraint_violation,swap 37<->76
673,3.427151805241173,185,185,True,soft_constraint_evaluation,relocate 48
674,3.410016046214967,185,185,False,hard_constraint_violation,swap 54<->45
675,3.392965965983892,185,185,False,hard_constraint_violation,relocate 58
676,3.3760011361539726,185,185,False,hard_constraint_violation,swap 38<->75
677,3.3591211304732025,185,185,False,hard_constraint_violation,relocate 74
678,3.3423255248208363,185,185,False,hard_constraint_violation,swap 60<->50
679,3.325613897196732,185,185,False,hard_constraint_violation,swap 47<->4
680,3.3089858277107487,185,185,False,hard_constraint_violation,swap 76<->37
681,3.292440898572195,185,185,False,hard_constraint_violation,swap 47<->42
682,3.275978694079334,185,185,False,hard_constraint_violation,swap 69<->64
683,3.2595988006089374,185,185,True,soft_constraint_evaluation,swap 59<->60
684,3.243300806605893,185,185,False,hard_constraint_violation,swap 37<->75
685,3.2270843025728633,185,185,False,hard_constraint_violation,swap 37<->75
686,3.210948881059999,185,185,False,hard_constraint_violation,relocate 32
687,3.194894136654699,185,185,False,hard_constraint_violation,swap 45<->74
688,3.178919665971425,185,185,False,hard_constraint_violation,swap 38<->76
689,3.163025067641568,185,185,False,hard_constraint_violation,swap 58<->53
690,3.1472099423033604,185,185,False,soft_constraint_evaluation,swap 60<->57
691,3.1314738925918437,185,185,False,hard_constraint_violation,relocate 27
692,3.1158165231288844,185,185,False,hard_constraint_violation,relocate 9
693,3.10023744051324,185,185,False,hard_constraint_violation,swap 49<->44
694,3.0847362533106737,185,185,False,hard_constraint_violation,swap 34<->65
695,3.06931257204412,185,185,False,soft_constraint_evaluation,swap 76<->75
696,3.0539660091838994,190,185,True,soft_constraint_evaluation,swap 76<->75
697,3.03869617913798,190,185,False,hard_constraint_violation,swap 37<->75
698,3.02350269824229,190,185,False,hard_constraint_violation,swap 31<->42
699,3.0083851847510785,190,185,False,hard_constraint_violation,swap 38<->75
700,2.993343258827323,190,185,False,hard_constraint_violation,swap 52<->57
701,2.9783765425331863,190,185,False,hard_constraint_violation,swap 74<->22
702,2.9634846598205202,190,185,False,hard_constraint_violation,swap 24<->43
703,2.9486672365214175,190,185,False,hard_constraint_violation,relocate 7
704,2.9339239003388102,190,185,False,hard_constraint_violation,relocate 65
705,2.9192542808371162,190,185,False,hard_constraint_violation,swap 76<->38
706,2.904658009432931,190,185,False,hard_constraint_violation,swap 76<->38
707,2.8901347193857663,190,185,True,soft_constraint_evaluation,swap 29<->40
708,2.8756840457888373,190,185,False,hard_constraint_violation,swap 71<->39
709,2.861305625559893,185,185,True,soft_constraint_evaluation,swap 76<->75
710,2.8469990974320933,185,185,False,hard_constraint_violation,swap 35<->72
711,2.832764101944933,185,185,False,hard_constraint_violation,relocate 49
712,2.8186002814352085,185,185,False,hard_constraint_violation,relocate 6
713,2.8045072800280324,185,185,False,hard_constraint_violation,swap 37<->75
714,2.7904847436278923,185,185,False,hard_constraint_violation,relocate 32
715,2.776532319909753,185,185,False,hard_constraint_violation,relocate 5
716,2.7626496583102043,185,185,False,hard_constraint_violation,swap 59<->16
717,2.748836410018653,185,185,False,hard_constraint_violation,relocate 31
718,2.73509222796856,185,185,False,hard_constraint_violation,relocate 76
719,2.721416766828717,185,185,False,hard_constraint_violation,relocate 57
720,2.7078096829945735,182,182,True,soft_constraint_evaluation,swap 27<->8
721,2.694270634579601,182,182,False,hard_constraint_violation,swap 38<->76
722,2.6807992814067028,182,182,False,hard_constraint_violation,relocate 40
723,2.667395284999669,182,182,False,hard_constraint_violation,swap 18<->55
724,2.6540583085746707,182,182,False,hard_constraint_violation,relocate 36
725,2.6407880170317974,182,182,False,hard_constraint_violation,relocate 17
726,2.6275840769466385,182,182,False,hard_constraint_violation,swap 38<->75
727,2.6144461565619053,182,182,False,hard_constraint_violation,swap 35<->56
728,2.6013739257790958,182,182,False,hard_constraint_violation,swap 12<->54
729,2.5883670561502004,182,182,False,hard_constraint_violation,swap 75<->38
730,2.5754252208694495,182,182,False,hard_constraint_violation,relocate 44
731,2.562548094765102,182,182,False,hard_constraint_violation,swap 61<->48
732,2.5497353542912764,182,182,False,hard_constraint_violation,relocate 71
733,2.53698667751982,182,182,False,hard_constraint_violation,swap 38<->76
734,2.524301744132221,182,182,False,soft_constraint_evaluation,swap 75<->76
735,2.51168023541156,182,182,False,soft_constraint_evaluation,swap 75<->76
736,2.4991218342345025,182,182,False,hard_constraint_violation,swap 37<->76
737,2.48662622506333,182,182,False,hard_constraint_violation,relocate 21
738,2.4741930939380135,182,182,False,hard_constraint_violation,swap 38<->75
739,2.4618221284683233,182,182,False,hard_constraint_violation,relocate 41
740,2.4495130178259816,182,182,False,hard_constraint_violation,relocate 36
741,2.4372654527368516,182,182,False,soft_constraint_evaluation,swap 37<->38
742,2.425079125473167,182,182,False,hard_constraint_violation,swap 53<->42
743,2.4129537298458015,182,182,False,hard_constraint_violation,relocate 30
744,2.4008889611965722,182,182,False,soft_constraint_evaluation,swap 1<->28
745,2.3888845163905894,182,182,False,hard_constraint_violation,swap 69<->59
746,2.3769400938086362,182,182,False,soft_constraint_evaluation,swap 37<->38
747,2.3650553933395932,182,182,False,hard_constraint_violation,swap 52<->12
748,2.3532301163728953,182,182,False,hard_constraint_violation,relocate 14
749,2.3414639657910308,182,182,False,hard_constraint_violation,swap 38<->76
750,2.3297566459620755,182,182,False,hard_constraint_violation,relocate 18
751,2.318107862732265,182,182,False,hard_constraint_violation,swap 22<->59
752,2.306517323418604,182,182,False,hard_constraint_violation,swap 20<->55
753,2.294984736801511,182,182,False,soft_constraint_evaluation,swap 38<->37
754,2.283509813117503,182,182,True,soft_constraint_evaluation,swap 52<->47
755,2.2720922640519157,182,182,False,hard_constraint_violation,relocate 43
756,2.260731802731656,182,182,False,hard_constraint_violation,swap 32<->73
757,2.249428143717998,182,182,False,hard_constraint_violation,swap 37<->75
758,2.238181002999408,182,182,False,hard_constraint_violation,relocate 27
759,2.2269900979844106,182,182,False,hard_constraint_violation,swap 53<->40
760,2.2158551474944885,182,182,False,hard_constraint_violation,swap 66<->52
761,2.204775871757016,182,182,False,hard_constraint_violation,swap 37<->75
762,2.193751992398231,182,182,False,hard_constraint_violation,relocate 2
763,2.1827832324362397,182,182,False,hard_constraint_violation,relocate 17
764,2.1718693162740585,182,182,False,hard_constraint_violation,relocate 37
765,2.1610099696926883,182,182,False,hard_constraint_violation,swap 63<->10
766,2.150204919844225,182,182,False,hard_constraint_violation,swap 2<->34
767,2.1394538952450035,182,182,False,hard_constraint_violation,swap 53<->67
768,2.1287566257687787,182,182,False,soft_constraint_evaluation,swap 76<->75
769,2.1181128426399347,182,182,False,hard_constraint_violation,swap 36<->11
770,2.107522278426735,182,182,False,hard_constraint_violation,swap 20<->71
771,2.0969846670346013,182,182,False,hard_constraint_violation,swap 42<->58
772,2.086499743699428,182,182,False,hard_constraint_violation,relocate 31
773,2.076067244980931,182,182,False,soft_constraint_evaluation,swap 37<->38
774,2.0656869087560263,182,182,False,hard_constraint_violation,swap 16<->2
775,2.0553584742122464,182,182,False,hard_constraint_violation,relocate 2
776,2.045081681841185,182,182,False,hard_constraint_violation,swap 75<->37
777,2.0348562734319793,182,182,False,hard_constraint_violation,swap 37<->76
778,2.0246819920648194,187,182,True,soft_constraint_evaluation,swap 75<->76
779,2.0145585821044953,187,182,False,hard_constraint_violation,relocate 38
780,2.0044857891939727,187,182,False,soft_constraint_evaluation,swap 37<->38
781,1.9944633602480029,187,182,False,soft_constraint_evaluation,swap 33<->14
782,1.9844910434467629,187,182,False,hard_constraint_violation,swap 30<->68
783,1.974568588229529,187,182,False,hard_constraint_violation,swap 32<->6
784,1.9646957452883813,187,182,False,soft_constraint_evaluation,swap 38<->37
785,1.9548722665619394,187,182,False,hard_constraint_violation,relocate 73
786,1.9450979052291297,187,182,False,hard_constraint_violation,swap 56<->43
787,1.9353724157029841,187,182,False,hard_constraint_violation,swap 50<->16
788,1.925695553624469,187,182,True,soft_constraint_evaluation,swap 23<->29
789,1.9160670758563467,187,182,False,hard_constraint_violation,relocate 6
790,1.906486740477065,187,182,False,hard_constraint_violation,swap 75<->38
791,1.8969543067746795,187,182,False,soft_constraint_evaluation,swap 37<->38
792,1.887469535240806,187,182,False,hard_constraint_violation,swap 38<->76
793,1.878032187564602,187,182,False,hard_constraint_violation,swap 38<->75
794,1.868642026626779,187,182,False,hard_constraint_violation,relocate 32
795,1.859298816493645,187,182,False,hard_constraint_violation,swap 37<->76
796,1.8500023224111768,187,182,False,hard_constraint_violation,swap 45<->1
797,1.8407523107991208,187,182,False,hard_constraint_violation,relocate 51
798,1.8315485492451251,187,182,False,hard_constraint_violation,swap 56<->65
799,1.8223908064988994,187,182,False,hard_constraint_violation,relocate 19
800,1.813278852466405,187,182,False,hard_constraint_violation,swap 69<->55
801,1.8042124582040728,187,182,False,hard_constraint_violation,relocate 50
802,1.7951913959130525,187,182,False,hard_constraint_violation,relocate 11
803,1.7862154389334872,187,182,False,hard_constraint_violation,swap 53<->10
804,1.7772843617388199,187,182,False,hard_constraint_violation,swap 58<->17
805,1.7683979399301257,187,182,False,hard_constraint_violation,swap 75<->38
806,1.7595559502304752,187,182,False,hard_constraint_violation,relocate 44
807,1.7507581704793227,187,182,False,hard_constraint_violation,swap 10<->26
808,1.742004379626926,187,182,False,hard_constraint_violation,swap 20<->14
809,1.7332943577287914,187,182,False,hard_constraint_violation,swap 75<->38
810,1.7246278859401474,187,182,False,hard_constraint_violation,swap 38<->76
811,1.7160047465104467,187,182,False,hard_constraint_violation,swap 37<->76
812,1.7074247227778945,187,182,False,hard_constraint_violation,swap 37<->76
813,1.698887599164005,187,182,False,hard_constraint_violation,relocate 44
814,1.6903931611681848,187,182,False,hard_constraint_violation,swap 48<->53
815,1.681941195362344,187,182,False,hard_constraint_violation,swap 75<->37
816,1.6735314893855322,182,182,True,soft_constraint_evaluation,swap 76<->75
817,1.6651638319386046,182,182,False,hard_constraint_violation,relocate 32
818,1.6568380127789115,182,182,False,hard_constraint_violation,swap 16<->2
819,1.648553822715017,182,182,False,hard_constraint_violation,swap 17<->26
820,1.6403110536014418,182,182,False,hard_constraint_violation,relocate 50
821,1.6321094983334345,182,182,False,hard_constraint_violation,swap 37<->76
822,1.6239489508417673,182,182,False,hard_constraint_violation,relocate 26
823,1.6158292060875585,182,182,False,hard_constraint_violation,relocate 12
824,1.6077500600571208,182,182,False,hard_constraint_violation,swap 37<->76
825,1.5997113097568352,182,182,False,hard_constraint_violation,relocate 58
826,1.591712753208051,182,182,False,hard_constraint_violation,swap 76<->37
827,1.5837541894420109,182,182,False,hard_constraint_violation,swap 36<->60
828,1.5758354184948007,182,182,False,hard_constraint_violation,relocate 5
829,1.5679562414023267,182,182,False,soft_constraint_evaluation,swap 40<->66
830,1.560116460195315,182,182,False,hard_constraint_violation,swap 12<->36
831,1.5523158778943384,182,182,False,hard_constraint_violation,swap 38<->75
832,1.5445542985048668,182,182,False,hard_constraint_violation,relocate 70
833,1.5368315270123425,182,182,True,soft_constraint_evaluation,swap 51<->48
834,1.5291473693772808,182,182,False,soft_constraint_evaluation,swap 75<->76
835,1.5215016325303943,182,182,False,hard_constraint_violation,swap 4<->43
836,1.5138941243677424,182,182,False,hard_constraint_violation,swap 36<->8
837,1.5063246537459036,182,182,False,hard_constraint_violation,relocate 63
838,1.4987930304771742,182,182,False,hard_constraint_violation,swap 21<->13
839,1.4912990653247882,182,182,False,hard_constraint_violation,swap 35<->71
840,1.4838425699981643,182,182,False,hard_constraint_violation,relocate 8
841,1.4764233571481735,182,182,False,hard_constraint_violation,swap 75<->37
842,1.4690412403624327,187,182,True,soft_constraint_evaluation,swap 75<->76
843,1.4616960341606204,187,182,False,hard_constraint_violation,relocate 37
844,1.4543875539898172,187,182,False,soft_constraint_evaluation,swap 66<->72
845,1.4471156162198682,187,182,False,hard_constraint_violation,swap 8<->30
846,1.4398800381387689,187,182,False,hard_constraint_violation,swap 70<->64
847,1.432680637948075,187,182,False,hard_constraint_violation,swap 17<->46
848,1.4255172347583347,187,182,False,hard_constraint_violation,relocate 44
849,1.418389648584543,187,182,False,hard_constraint_violation,swap 15<->70
850,1.4112977003416203,187,182,False,hard_constraint_violation,relocate 10
851,1.4042412118399121,187,182,False,hard_constraint_violation,relocate 53
852,1.3972200057807125,187,182,False,hard_constraint_violation,swap 75<->37
853,1.390233905751809,187,182,False,hard_constraint_violation,relocate 58
854,1.38328273622305,187,182,False,hard_constraint_violation,swap 74<->48
855,1.3763663225419347,187,182,False,hard_constraint_violation,swap 51<->42
856,1.369484490929225,187,182,False,hard_constraint_violation,relocate 40
857,1.3626370684745788,187,182,False,hard_constraint_violation,swap 53<->5
858,1.3558238831322058,187,182,False,hard_constraint_violation,swap 38<->75
859,1.3490447637165448,187,182,False,hard_constraint_violation,swap 38<->76
860,1.342299539897962,187,182,False,hard_constraint_violation,relocate 31
861,1.3355880421984723,187,182,False,hard_constraint_violation,relocate 22
862,1.3289101019874798,187,182,False,hard_constraint_violation,relocate 45
863,1.3222655514775423,184,182,True,soft_constraint_evaluation,swap 32<->9
864,1.3156542237201545,184,182,True,soft_constraint_evaluation,swap 1<->7
865,1.3090759526015536,184,182,False,hard_constraint_violation,swap 38<->76
866,1.302530572838546,179,179,True,soft_constraint_evaluation,swap 75<->76
867,1.2960179199743531,179,179,False,soft_constraint_evaluation,swap 38<->37
868,1.2895378303744813,179,179,False,hard_constraint_violation,relocate 5
869,1.283090141222609,179,179,False,hard_constraint_violation,swap 37<->76
870,1.2766746905164958,179,179,False,hard_constraint_violation,swap 38<->75
871,1.2702913170639134,179,179,False,hard_constraint_violation,swap 46<->64
872,1.2639398604785939,179,179,False,hard_constraint_violation,relocate 58
873,1.2576201611762008,179,179,False,soft_constraint_evaluation,swap 38<->37
874,1.2513320603703197,179,179,False,hard_constraint_violation,swap 55<->73
875,1.245075400068468,179,179,False,hard_constraint_violation,relocate 72
876,1.2388500230681256,179,179,False,soft_constraint_evaluation,swap 38<->37
877,1.232655772952785,179,179,False,soft_constraint_evaluation,swap 38<->37
878,1.226492494088021,179,179,False,hard_constraint_violation,swap 76<->37
879,1.2203600316175809,179,179,False,hard_constraint_violation,swap 22<->40
880,1.214258231459493,179,179,False,hard_constraint_violation,relocate 63
881,1.2081869403021954,179,179,False,hard_constraint_violation,swap 76<->38
882,1.2021460056006845,179,179,False,hard_constraint_violation,relocate 34
883,1.196135275572681,179,179,False,hard_constraint_violation,swap 38<->76
884,1.1901545991948177,179,179,False,hard_constraint_violation,relocate 50
885,1.1842038261988437,179,179,False,hard_constraint_violation,swap 76<->38
886,1.1782828070678495,179,179,False,hard_constraint_violation,swap 37<->76
887,1.1723913930325103,179,179,False,hard_constraint_violation,relocate 13
888,1.1665294360673477,179,179,False,hard_constraint_violation,swap 38<->75
889,1.160696788887011,179,179,False,soft_constraint_evaluation,swap 76<->75
890,1.154893304942576,179,179,False,hard_constraint_violation,relocate 38
891,1.1491188384178632,179,179,False,hard_constraint_violation,swap 53<->5
892,1.1433732442257738,179,179,False,hard_constraint_violation,swap 16<->60
893,1.137656378004645,179,179,True,soft_constraint_evaluation,swap 28<->25
894,1.1319680961146217,179,179,False,hard_constraint_violation,swap 37<->75
895,1.1263082556340485,179,179,False,hard_constraint_violation,swap 34<->43
896,1.1206767143558782,179,179,True,soft_constraint_evaluation,relocate 9
897,1.1150733307840988,179,179,False,hard_constraint_violation,swap 75<->38
898,1.1094979641301783,179,179,False,hard_constraint_violation,swap 69<->56
899,1.1039504743095274,179,179,False,hard_constraint_violation,swap 19<->13
900,1.0984307219379799,179,179,False,hard_constraint_violation,relocate 37
901,1.09293856832829,179,179,False,hard_constraint_violation,relocate 71
902,1.0874738754866484,179,179,False,hard_constraint_violation,relocate 34
903,1.0820365061092152,179,179,False,hard_constraint_violation,swap 37<->76
904,1.076626323578669,179,179,False,hard_constraint_violation,swap 54<->5
905,1.0712431919607757,179,179,False,soft_constraint_evaluation,swap 38<->37
906,1.0658869760009717,179,179,False,hard_constraint_violation,relocate 50
907,1.060557541120967,179,179,False,hard_constraint_violation,swap 75<->38
908,1.055254753415362,179,179,False,hard_constraint_violation,relocate 13
909,1.0499784796482852,179,179,False,hard_constraint_violation,swap 75<->38
910,1.0447285872500438,179,179,False,hard_constraint_violation,relocate 12
911,1.0395049443137936,179,179,False,soft_constraint_evaluation,swap 76<->75
912,1.0343074195922246,179,179,False,hard_constraint_violation,relocate 68
913,1.0291358824942636,179,179,False,hard_constraint_violation,swap 38<->75
914,1.0239902030817922,179,179,False,hard_constraint_violation,relocate 4
915,1.0188702520663833,179,179,False,soft_constraint_evaluation,swap 8<->32
916,1.0137759008060514,179,179,False,hard_constraint_violation,swap 38<->76
917,1.008707021302021,179,179,False,soft_constraint_evaluation,swap 76<->75
918,1.003663486195511,179,179,False,hard_constraint_violation,swap 50<->65
919,0.9986451687645334,179,179,False,hard_constraint_violation,swap 63<->73
920,0.9936519429207107,179,179,False,hard_constraint_violation,swap 34<->12
921,0.9886836832061071,179,179,False,hard_constraint_violation,swap 37<->76
922,0.9837402647900766,179,179,False,hard_constraint_violation,relocate 28
923,0.9788215634661263,179,179,False,hard_constraint_violation,swap 35<->55
924,0.9739274556487956,179,179,False,hard_constraint_violation,swap 63<->17
925,0.9690578183705516,179,179,False,hard_constraint_violation,swap 29<->33
926,0.9642125292786988,179,179,False,hard_constraint_violation,swap 75<->38
927,0.9593914666323053,179,179,False,hard_constraint_violation,relocate 47
928,0.9545945092991438,179,179,False,soft_constraint_evaluation,swap 75<->76
929,0.9498215367526481,179,179,False,hard_constraint_violation,swap 1<->68
930,0.9450724290688849,179,179,False,hard_constraint_violation,relocate 50
931,0.9403470669235404,179,179,False,soft_constraint_evaluation,swap 75<->76
932,0.9356453315889227,179,179,False,hard_constraint_violation,swap 75<->38
933,0.9309671049309781,179,179,False,soft_constraint_evaluation,swap 38<->37
934,0.9263122694063233,179,179,False,hard_constraint_violation,swap 54<->43
935,0.9216807080592917,179,179,False,soft_constraint_evaluation,swap 66<->40
936,0.9170723045189952,179,179,False,hard_constraint_violation,swap 37<->75
937,0.9124869429964002,179,179,False,hard_constraint_violation,relocate 38
938,0.9079245082814182,168,168,True,soft_constraint_evaluation,swap 71<->63
939,0.9033848857400112,168,168,False,hard_constraint_violation,relocate 48
940,0.8988679613113111,168,168,False,hard_constraint_violation,swap 74<->24
941,0.8943736215047545,168,168,False,hard_constraint_violation,swap 38<->75
942,0.8899017533972308,168,168,False,hard_constraint_violation,swap 45<->12
943,0.8854522446302446,168,168,False,hard_constraint_violation,swap 42<->56
944,0.8810249834070935,168,168,False,hard_constraint_violation,relocate 45
945,0.876619858490058,168,168,False,hard_constraint_violation,swap 76<->37
946,0.8722367591976077,168,168,False,hard_constraint_violation,swap 63<->25
947,0.8678755754016196,168,168,False,hard_constraint_violation,swap 75<->38
948,0.8635361975246115,168,168,False,hard_constraint_violation,swap 18<->26
949,0.8592185165369884,168,168,False,hard_constraint_violation,swap 38<->76
950,0.8549224239543035,168,168,False,hard_constraint_violation,relocate 24
951,0.850647811834532,168,168,False,hard_constraint_violation,swap 43<->8
952,0.8463945727753593,168,168,False,soft_constraint_evaluation,swap 38<->37
953,0.8421625999114826,168,168,False,hard_constraint_violation,swap 17<->58
954,0.8379517869119252,168,168,False,hard_constraint_violation,swap 76<->38
955,0.8337620279773655,168,168,False,hard_constraint_violation,swap 71<->26
956,0.8295932178374787,168,168,False,hard_constraint_violation,relocate 2
957,0.8254452517482913,168,168,False,hard_constraint_violation,relocate 70
958,0.8213180254895498,168,168,True,soft_constraint_evaluation,swap 32<->29
959,0.8172114353621021,168,168,False,hard_constraint_violation,swap 75<->37
960,0.8131253781852915,168,168,False,soft_constraint_evaluation,swap 38<->37
961,0.809059751294365,168,168,False,soft_constraint_evaluation,swap 76<->75
962,0.8050144525378932,168,168,False,hard_constraint_violation,swap 38<->76
963,0.8009893802752037,168,168,False,hard_constraint_violation,relocate 65
964,0.7969844333738277,168,168,False,hard_constraint_violation,relocate 22
965,0.7929995112069586,168,168,False,hard_constraint_violation,swap 17<->28
966,0.7890345136509238,168,168,True,soft_constraint_evaluation,relocate 76
967,0.7850893410826691,168,168,False,soft_constraint_evaluation,swap 37<->38
968,0.7811638943772558,168,168,False,hard_constraint_violation,swap 7<->14
969,0.7772580749053695,168,168,False,hard_constraint_violation,swap 7<->15
970,0.7733717845308427,168,168,False,hard_constraint_violation,swap 37<->75
971,0.7695049256081884,168,168,False,hard_constraint_violation,swap 27<->2
972,0.7656574009801475,168,168,False,hard_constraint_violation,swap 69<->35
973,0.7618291139752467,168,168,False,hard_constraint_violation,swap 56<->14
974,0.7580199684053704,168,168,False,hard_constraint_violation,swap 39<->15
975,0.7542298685633436,168,168,False,hard_constraint_violation,relocate 66
976,0.7504587192205269,168,168,False,hard_constraint_violation,swap 38<->76
977,0.7467064256244242,168,168,False,hard_constraint_violation,relocate 40
978,0.7429728934963021,168,168,False,hard_constraint_violation,swap 38<->75
979,0.7392580290288207,168,168,False,hard_constraint_violation,relocate 45
980,0.7355617388836766,168,168,False,hard_constraint_violation,swap 15<->66
981,0.7318839301892582,168,168,False,hard_constraint_violation,swap 68<->10
982,0.7282245105383119,168,168,False,hard_constraint_violation,relocate 13
983,0.7245833879856204,168,168,False,hard_constraint_violation,swap 75<->38
984,0.7209604710456923,168,168,False,hard_constraint_violation,swap 23<->6
985,0.7173556686904639,168,168,False,hard_constraint_violation,relocate 49
986,0.7137688903470115,168,168,False,hard_constraint_violation,swap 13<->6
987,0.7102000458952764,168,168,False,hard_constraint_violation,swap 22<->45
988,0.7066490456658,168,168,False,soft_constraint_evaluation,swap 75<->76
989,0.703115800437471,168,168,False,hard_constraint_violation,relocate 24
990,0.6996002214352837,168,168,False,hard_constraint_violation,swap 75<->38
991,0.6961022203281072,168,168,False,soft_constraint_evaluation,swap 76<->75
992,0.6926217092264667,168,168,False,hard_constraint_violation,swap 8<->21
993,0.6891586006803344,168,168,False,hard_constraint_violation,swap 76<->37
994,0.6857128076769328,168,168,False,hard_constraint_violation,swap 37<->75
995,0.6822842436385481,168,168,False,hard_constraint_violation,relocate 17
996,0.6788728224203554,168,168,False,hard_constraint_violation,relocate 15
997,0.6754784583082536,168,168,False,hard_constraint_violation,swap 34<->43
998,0.6721010660167123,168,168,False,soft_constraint_evaluation,swap 46<->69
999,0.6687405606866287,168,168,False,hard_constraint_violation,relocate 13
1000,0.6653968578831956,168,168,False,hard_constraint_violation,swap 64<->47
1001,0.6620698735937796,168,168,False,hard_constraint_violation,swap 38<->75
1002,0.6587595242258106,168,168,False,hard_constraint_violation,relocate 7
1003,0.6554657266046816,168,168,False,hard_constraint_violation,swap 67<->63
1004,0.6521883979716582,168,168,False,hard_constraint_violation,relocate 22
1005,0.6489274559817999,168,168,False,hard_constraint_violation,relocate 44
1006,0.6456828187018909,168,168,False,hard_constraint_violation,swap 37<->75
1007,0.6424544046083814,168,168,False,hard_constraint_violation,swap 76<->37
1008,0.6392421325853396,168,168,False,hard_constraint_violation,swap 76<->37
1009,0.6360459219224128,168,168,False,hard_constraint_violation,relocate 60
1010,0.6328656923128008,168,168,False,hard_constraint_violation,swap 37<->76
1011,0.6297013638512368,168,168,True,soft_constraint_evaluation,swap 74<->73
1012,0.6265528570319806,168,168,True,soft_constraint_evaluation,swap 41<->68
1013,0.6234200927468206,168,168,False,hard_constraint_violation,swap 75<->38
1014,0.6203029922830865,168,168,False,hard_constraint_violation,relocate 29
1015,0.6172014773216711,168,168,False,soft_constraint_evaluation,swap 75<->76
1016,0.6141154699350627,168,168,False,hard_constraint_violation,swap 1<->46
1017,0.6110448925853874,168,168,False,soft_constraint_evaluation,swap 75<->76
1018,0.6079896681224605,168,168,False,hard_constraint_violation,relocate 66
1019,0.6049497197818482,168,168,False,hard_constraint_violation,relocate 55
1020,0.601924971182939,168,168,False,hard_constraint_violation,swap 25<->16
1021,0.5989153463270243,168,168,False,hard_constraint_violation,relocate 53
1022,0.5959207695953891,168,168,False,hard_constraint_violation,swap 46<->14
1023,0.5929411657474122,168,168,False,hard_constraint_violation,relocate 6
1024,0.5899764599186751,168,168,False,soft_constraint_evaluation,swap 76<->75
1025,0.5870265776190817,168,168,False,hard_constraint_violation,swap 37<->75
1026,0.5840914447309863,168,168,False,hard_constraint_violation,relocate 73
1027,0.5811709875073313,168,168,False,hard_constraint_violation,relocate 64
1028,0.5782651325697946,168,168,False,hard_constraint_violation,relocate 23
1029,0.5753738069069456,168,168,False,hard_constraint_violation,swap 14<->52
1030,0.5724969378724108,168,168,False,hard_constraint_violation,swap 76<->38
1031,0.5696344531830488,168,168,False,hard_constraint_violation,relocate 32
1032,0.5667862809171336,168,168,False,hard_constraint_violation,swap 75<->38
1033,0.5639523495125479,168,168,False,hard_constraint_violation,relocate 18
1034,0.5611325877649852,168,168,False,soft_constraint_evaluation,swap 75<->76
1035,0.5583269248261603,168,168,True,soft_constraint_evaluation,swap 26<->27
1036,0.5555352902020295,168,168,False,soft_constraint_evaluation,swap 75<->76
1037,0.5527576137510194,168,168,False,hard_constraint_violation,relocate 23
1038,0.5499938256822643,168,168,False,soft_constraint_evaluation,swap 37<->38
1039,0.547243856553853,168,168,False,hard_constraint_violation,swap 75<->38
1040,0.5445076372710838,168,168,False,hard_constraint_violation,relocate 69
1041,0.5417850990847284,168,168,False,hard_constraint_violation,swap 7<->8
1042,0.5390761735893047,168,168,False,hard_constraint_violation,swap 39<->33
1043,0.5363807927213582,168,168,False,hard_constraint_violation,swap 40<->27
1044,0.5336988887577514,168,168,False,hard_constraint_violation,relocate 5
1045,0.5310303943139626,168,168,False,hard_constraint_violation,relocate 14
1046,0.5283752423423927,168,168,False,hard_constraint_violation,relocate 74
1047,0.5257333661306808,168,168,False,hard_constraint_violation,relocate 74
1048,0.5231046993000273,168,168,False,soft_constraint_evaluation,swap 37<->38
1049,0.5204891758035272,168,168,False,hard_constraint_violation,relocate 43
1050,0.5178867299245096,168,168,False,hard_constraint_violation,swap 38<->75
1051,0.5152972962748871,168,168,False,hard_constraint_violation,relocate 59
1052,0.5127208097935126,168,168,False,hard_constraint_violation,relocate 50
1053,0.510157205744545,168,168,False,hard_constraint_violation,swap 25<->40
1054,0.5076064197158223,168,168,True,soft_constraint_evaluation,swap 24<->23
1055,0.5050683876172432,168,168,False,hard_constraint_violation,relocate 16
1056,0.502543045679157,168,168,False,hard_constraint_violation,swap 75<->37
1057,0.5000303304507612,168,168,False,soft_constraint_evaluation,swap 37<->38
1058,0.49753017879850736,168,168,False,hard_constraint_violation,relocate 6
1059,0.4950425279045148,168,168,False,hard_constraint_violation,relocate 7
1060,0.49256731526499226,168,168,False,hard_constraint_violation,relocate 41
1061,0.4901044786886673,168,168,False,hard_constraint_violation,relocate 73
1062,0.48765395629522396,168,168,False,soft_constraint_evaluation,swap 38<->37
1063,0.48521568651374786,168,168,False,hard_constraint_violation,relocate 21
1064,0.4827896080811791,168,168,False,soft_constraint_evaluation,swap 37<->38
1065,0.4803756600407732,168,168,False,hard_constraint_violation,swap 75<->38
1066,0.4779737817405693,168,168,False,hard_constraint_violation,swap 37<->76
1067,0.47558391283186646,168,168,False,hard_constraint_violation,swap 38<->75
1068,0.4732059932677071,168,168,False,hard_constraint_violation,swap 6<->44
1069,0.47083996330136857,168,168,False,hard_constraint_violation,swap 52<->33
1070,0.4684857634848617,168,168,False,hard_constraint_violation,swap 37<->75
1071,0.4661433346674374,168,168,False,hard_constraint_violation,relocate 50
1072,0.46381261799410023,168,168,False,hard_constraint_violation,relocate 60
1073,0.46149355490412974,168,168,False,hard_constraint_violation,swap 44<->68
1074,0.45918608712960907,168,168,False,hard_constraint_violation,swap 22<->71
1075,0.456890156693961,168,168,True,soft_constraint_evaluation,swap 27<->28
1076,0.4546057059104912,168,168,False,hard_constraint_violation,relocate 57
1077,0.45233267738093874,168,168,False,hard_constraint_violation,swap 37<->75
1078,0.45007101399403404,168,168,False,hard_constraint_violation,swap 61<->45
1079,0.44782065892406386,168,168,False,hard_constraint_violation,swap 7<->23
1080,0.4455815556294435,168,168,False,hard_constraint_violation,relocate 74
1081,0.4433536478512963,168,168,False,hard_constraint_violation,swap 34<->55
1082,0.4411368796120398,168,168,False,hard_constraint_violation,swap 76<->38
1083,0.4389311952139796,168,168,False,hard_constraint_violation,swap 71<->1
1084,0.4367365392379097,168,168,False,hard_constraint_violation,swap 6<->10
1085,0.43455285654172016,168,168,True,soft_constraint_evaluation,swap 40<->41
1086,0.43238009225901153,168,168,False,hard_constraint_violation,swap 76<->38
1087,0.4302181917977165,168,168,False,hard_constraint_violation,swap 63<->21
1088,0.4280671008387279,168,168,False,hard_constraint_violation,swap 53<->72
1089,0.4259267653345343,168,168,False,hard_constraint_violation,swap 41<->50
1090,0.4237971315078616,168,168,False,hard_constraint_violation,relocate 2
1091,0.42167814585032226,168,168,False,hard_constraint_violation,relocate 19
1092,0.41956975512107064,168,168,False,soft_constraint_evaluation,swap 37<->38
1093,0.41747190634546527,168,168,False,hard_constraint_violation,relocate 47
1094,0.41538454681373793,168,168,True,soft_constraint_evaluation,swap 21<->24
1095,0.41330762407966926,168,168,False,soft_constraint_evaluation,swap 38<->37
1096,0.4112410859592709,168,168,False,hard_constraint_violation,relocate 7
1097,0.40918488052947455,168,168,False,hard_constraint_violation,swap 40<->9
1098,0.40713895612682716,168,168,False,hard_constraint_violation,swap 65<->45
1099,0.405103261346193,168,168,False,hard_constraint_violation,swap 13<->39
1100,0.40307774503946203,168,168,False,hard_constraint_violation,swap 43<->65
1101,0.40106235631426473,168,168,False,hard_constraint_violation,swap 38<->75
1102,0.3990570445326934,168,168,False,hard_constraint_violation,swap 76<->37
1103,0.39706175931002996,168,168,False,hard_constraint_violation,swap 29<->58
1104,0.3950764505134798,168,168,False,hard_constraint_violation,swap 38<->75
1105,0.3931010682609124,168,168,False,hard_constraint_violation,relocate 64
1106,0.3911355629196078,168,168,False,soft_constraint_evaluation,swap 76<->75
1107,0.3891798851050098,168,168,False,soft_constraint_evaluation,swap 36<->18
1108,0.38723398567948475,163,163,True,soft_constraint_evaluation,swap 10<->3
1109,0.38529781575108735,163,163,False,hard_constraint_violation,relocate 4
1110,0.3833713266723319,163,163,False,hard_constraint_violation,swap 5<->73
1111,0.38145447003897026,163,163,False,hard_constraint_violation,swap 38<->76
1112,0.37954719768877543,163,163,False,hard_constraint_violation,swap 38<->76
1113,0.37764946170033153,163,163,False,hard_constraint_violation,swap 53<->49
1114,0.37576121439182986,163,163,True,soft_constraint_evaluation,swap 22<->68
1115,0.3738824083198707,163,163,False,hard_constraint_violation,swap 23<->19
1116,0.37201299627827134,163,163,False,hard_constraint_violation,relocate 64
1117,0.37015293129688,163,163,False,soft_constraint_evaluation,swap 38<->37
1118,0.36830216664039556,163,163,False,hard_constraint_violation,swap 69<->49
1119,0.36646065580719356,163,163,False,hard_constraint_violation,swap 37<->76
1120,0.36462835252815756,163,163,False,hard_constraint_violation,relocate 44
1121,0.36280521076551675,163,163,False,hard_constraint_violation,relocate 69
1122,0.3609911847116892,163,163,False,hard_constraint_violation,relocate 34
1123,0.3591862287881307,163,163,True,soft_constraint_evaluation,swap 51<->49
1124,0.35739029764419006,163,163,False,hard_constraint_violation,swap 69<->33
1125,0.3556033461559691,163,163,False,hard_constraint_violation,swap 69<->54
1126,0.35382532942518924,163,163,False,hard_constraint_violation,swap 76<->38
1127,0.35205620277806327,163,163,False,hard_constraint_violation,relocate 1
1128,0.35029592176417296,163,163,False,hard_constraint_violation,relocate 59
1129,0.3485444421553521,163,163,False,soft_constraint_evaluation,swap 38<->37
1130,0.3468017199445753,163,163,False,hard_constraint_violation,swap 30<->56
1131,0.3450677113448524,163,163,True,soft_constraint_evaluation,relocate 15
1132,0.3433423727881282,163,163,False,hard_constraint_violation,swap 38<->75
1133,0.34162566092418756,163,163,False,hard_constraint_violation,swap 37<->76
1134,0.33991753261956664,163,163,False,hard_constraint_violation,swap 18<->68
1135,0.3382179449564688,163,163,False,hard_constraint_violation,swap 8<->22
1136,0.33652685523168646,163,163,False,hard_constraint_violation,swap 69<->54
1137,0.334844220955528,163,163,False,hard_constraint_violation,swap 39<->11
1138,0.33316999985075035,163,163,False,hard_constraint_violation,swap 76<->37
1139,0.3315041498514966,163,163,False,hard_constraint_violation,swap 38<->75
1140,0.32984662910223916,163,163,False,hard_constraint_violation,relocate 24
1141,0.328197395956728,163,163,False,hard_constraint_violation,swap 38<->75
1142,0.3265564089769443,163,163,False,hard_constraint_violation,swap 37<->76
1143,0.3249236269320596,163,163,False,soft_constraint_evaluation,swap 14<->3
1144,0.3232990087973993,163,163,False,hard_constraint_violation,relocate 67
1145,0.32168251375341234,163,163,False,hard_constraint_violation,relocate 13
1146,0.3200741011846453,163,163,False,hard_constraint_violation,swap 71<->67
1147,0.3184737306787221,163,163,False,hard_constraint_violation,relocate 12
1148,0.31688136202532846,163,163,False,hard_constraint_violation,swap 58<->69
1149,0.3152969552152018,163,163,False,hard_constraint_violation,swap 70<->57
1150,0.31372047043912576,163,163,False,hard_constraint_violation,swap 76<->38
1151,0.31215186808693013,163,163,False,hard_constraint_violation,swap 57<->18
1152,0.3105911087464955,163,163,False,hard_constraint_violation,swap 11<->39
1153,0.309038153202763,163,163,False,hard_constraint_violation,swap 75<->37
1154,0.3074929624367492,163,163,False,hard_constraint_violation,swap 69<->16
1155,0.3059554976245654,163,163,False,hard_constraint_violation,swap 38<->75
1156,0.3044257201364426,163,163,False,hard_constraint_violation,relocate 55
1157,0.30290359153576035,163,163,False,hard_constraint_violation,swap 75<->38
1158,0.30138907357808153,163,163,False,hard_constraint_violation,relocate 57
1159,0.2998821282101911,163,163,False,hard_constraint_violation,swap 76<->37
1160,0.29838271756914014,163,163,False,hard_constraint_violation,swap 38<->76
1161,0.2968908039812944,163,163,False,hard_constraint_violation,swap 75<->38
1162,0.2954063499613879,163,163,False,hard_constraint_violation,swap 38<->75
1163,0.29392931821158097,163,163,False,hard_constraint_violation,swap 60<->21
1164,0.29245967162052305,163,163,False,soft_constraint_evaluation,swap 75<->76
1165,0.2909973732624204,163,163,False,hard_constraint_violation,swap 21<->52
1166,0.2895423863961083,163,163,False,hard_constraint_violation,relocate 1
1167,0.28809467446412773,163,163,False,hard_constraint_violation,relocate 63
1168,0.2866542010918071,161,161,True,soft_constraint_evaluation,swap 34<->29
1169,0.2852209300863481,161,161,False,hard_constraint_violation,swap 52<->54
1170,0.28379482543591633,161,161,False,hard_constraint_violation,swap 37<->76
1171,0.28237585130873677,161,161,False,hard_constraint_violation,swap 37<->76
1172,0.2809639720521931,161,161,False,hard_constraint_violation,relocate 69
1173,0.2795591521919321,161,161,False,hard_constraint_violation,swap 22<->5
1174,0.27816135643097245,161,161,False,hard_constraint_violation,swap 21<->12
1175,0.2767705496488176,161,161,False,hard_constraint_violation,relocate 54
1176,0.2753866969005735,161,161,False,hard_constraint_violation,swap 38<->75
1177,0.27400976341607064,161,161,False,hard_constraint_violation,swap 12<->73
1178,0.2726397145989903,161,161,False,hard_constraint_violation,swap 75<->38
1179,0.27127651602599534,161,161,False,hard_constraint_violation,swap 61<->54
1180,0.26992013344586535,161,161,False,hard_constraint_violation,swap 38<->76
1181,0.268570532778636,161,161,False,soft_constraint_evaluation,swap 67<->40
1182,0.26722768011474285,161,161,False,soft_constraint_evaluation,swap 75<->76
1183,0.2658915417141691,161,161,False,hard_constraint_violation,swap 38<->76
1184,0.2645620840055983,161,161,False,hard_constraint_violation,relocate 61
1185,0.26323927358557025,161,161,False,hard_constraint_violation,relocate 4
1186,0.2619230772176424,161,161,False,hard_constraint_violation,swap 51<->29
1187,0.2606134618315542,161,161,False,hard_constraint_violation,swap 43<->55
1188,0.25931039452239646,161,161,False,hard_constraint_violation,relocate 69
1189,0.2580138425497845,161,161,False,hard_constraint_violation,swap 38<->76
1190,0.25672377333703555,161,161,False,hard_constraint_violation,swap 37<->75
1191,0.2554401544703504,161,161,False,hard_constraint_violation,relocate 63
1192,0.25416295369799863,161,161,False,hard_constraint_violation,swap 38<->75
1193,0.2528921389295086,161,161,False,hard_constraint_violation,swap 66<->26
1194,0.2516276782348611,161,161,False,hard_constraint_violation,swap 34<->27
1195,0.2503695398436868,161,161,False,hard_constraint_violation,swap 48<->20
1196,0.24911769214446838,161,161,False,hard_constraint_violation,relocate 16
1197,0.24787210368374604,161,161,False,hard_constraint_violation,swap 37<->75
1198,0.24663274316532732,161,161,False,hard_constraint_violation,relocate 64
1199,0.2453995794495007,161,161,False,hard_constraint_violation,swap 75<->38
1200,0.2441725815522532,161,161,False,hard_constraint_violation,swap 76<->37
1201,0.24295171864449192,161,161,False,hard_constraint_violation,relocate 17
1202,0.24173696005126946,161,161,False,soft_constraint_evaluation,swap 76<->75
1203,0.2405282752510131,161,161,True,soft_constraint_evaluation,swap 61<->16
1204,0.23932563387475805,161,161,False,soft_constraint_evaluation,swap 75<->76
1205,0.23812900570538426,161,161,False,soft_constraint_evaluation,swap 37<->38
1206,0.23693836067685733,161,161,False,hard_constraint_violation,relocate 24
1207,0.23575366887347304,161,161,False,soft_constraint_evaluation,swap 76<->75
1208,0.23457490052910568,161,161,False,hard_constraint_violation,swap 38<->76
1209,0.23340202602646015,161,161,False,hard_constraint_violation,relocate 50
1210,0.23223501589632786,161,161,False,hard_constraint_violation,relocate 36
1211,0.23107384081684623,161,161,False,hard_constraint_violation,swap 30<->13
1212,0.229918471612762,161,161,False,hard_constraint_violation,relocate 31
1213,0.2287688792546982,161,161,False,soft_constraint_evaluation,swap 38<->37
1214,0.2276250348584247,161,161,False,hard_constraint_violation,relocate 63
1215,0.22648690968413257,161,161,False,hard_constraint_violation,swap 38<->75
1216,0.2253544751357119,161,161,False,hard_constraint_violation,swap 76<->38
1217,0.22422770276003334,161,161,False,hard_constraint_violation,swap 53<->13
1218,0.22310656424623318,161,161,False,hard_constraint_violation,swap 28<->33
1219,0.221991031425002,161,161,False,hard_constraint_violation,swap 60<->45
1220,0.220881076267877,161,161,False,hard_constraint_violation,swap 75<->38
1221,0.21977667088653763,161,161,False,hard_constraint_violation,swap 47<->26
1222,0.21867778753210493,161,161,False,hard_constraint_violation,swap 39<->48
1223,0.2175843985944444,161,161,False,hard_constraint_violation,swap 76<->37
1224,0.21649647660147217,161,161,False,soft_constraint_evaluation,swap 76<->75
1225,0.2154139942184648,161,161,False,hard_constraint_violation,relocate 46
1226,0.21433692424737247,161,161,False,hard_constraint_violation,swap 37<->76
1227,0.2132652396261356,161,161,True,soft_constraint_evaluation,swap 43<->40
1228,0.21219891342800493,161,161,False,hard_constraint_violation,relocate 53
1229,0.2111379188608649,161,161,False,hard_constraint_violation,relocate 49
1230,0.21008222926656056,161,161,False,hard_constraint_violation,swap 76<->37
1231,0.20903181812022775,161,161,False,hard_constraint_violation,swap 17<->31
1232,0.20798665902962662,161,161,False,hard_constraint_violation,swap 27<->22
1233,0.2069467257344785,161,161,False,hard_constraint_violation,swap 9<->63
1234,0.2059119921058061,161,161,False,hard_constraint_violation,swap 53<->70
1235,0.20488243214527707,161,161,False,hard_constraint_violation,relocate 11
1236,0.2038580199845507,161,161,False,hard_constraint_violation,swap 11<->52
1237,0.20283872988462795,161,161,False,soft_constraint_evaluation,swap 39<->59
1238,0.2018245362352048,161,161,True,soft_constraint_evaluation,swap 4<->5
1239,0.20081541355402877,161,161,False,hard_constraint_violation,swap 76<->38
1240,0.19981133648625862,161,161,False,hard_constraint_violation,relocate 72
1241,0.19881227980382732,161,161,False,hard_constraint_violation,swap 72<->23
1242,0.19781821840480818,161,161,False,soft_constraint_evaluation,swap 76<->75
1243,0.19682912731278412,161,161,False,soft_constraint_evaluation,swap 76<->75
1244,0.1958449816762202,161,161,False,hard_constraint_violation,swap 75<->38
1245,0.1948657567678391,161,161,False,hard_constraint_violation,swap 37<->76
1246,0.19389142798399991,161,161,False,hard_constraint_violation,swap 47<->39
1247,0.19292197084407992,161,161,True,soft_constraint_evaluation,swap 65<->64
1248,0.19195736098985952,161,161,False,soft_constraint_evaluation,swap 75<->76
1249,0.19099757418491023,161,161,False,hard_constraint_violation,swap 38<->76
1250,0.19004258631398568,161,161,False,hard_constraint_violation,relocate 58
1251,0.18909237338241575,161,161,False,hard_constraint_violation,swap 76<->37
1252,0.18814691151550367,161,161,False,hard_constraint_violation,swap 38<->75
1253,0.18720617695792616,161,161,False,hard_constraint_violation,relocate 35
1254,0.18627014607313652,161,161,False,hard_constraint_violation,swap 76<->37
1255,0.18533879534277084,161,161,False,hard_constraint_violation,relocate 24
1256,0.18441210136605699,161,161,False,hard_constraint_violation,swap 76<->38
1257,0.1834900408592267,161,161,False,hard_constraint_violation,relocate 65
1258,0.1825725906549306,161,161,False,hard_constraint_violation,swap 7<->71
1259,0.18165972770165595,161,161,False,hard_constraint_violation,swap 39<->35
1260,0.18075142906314767,161,161,False,hard_constraint_violation,swap 37<->76
1261,0.17984767191783194,161,161,False,hard_constraint_violation,swap 66<->28
1262,0.17894843355824278,161,161,False,hard_constraint_violation,swap 76<->38
1263,0.17805369139045157,161,161,False,hard_constraint_violation,swap 45<->11
1264,0.17716342293349932,161,161,False,hard_constraint_violation,relocate 19
1265,0.1762776058188318,161,161,False,hard_constraint_violation,swap 37<->75
1266,0.17539621778973766,161,161,False,hard_constraint_violation,swap 33<->51
1267,0.17451923670078898,161,161,False,hard_constraint_violation,relocate 16
1268,0.17364664051728504,161,161,False,hard_constraint_violation,swap 38<->75
1269,0.17277840731469862,161,161,False,hard_constraint_violation,relocate 26
1270,0.17191451527812512,161,161,False,hard_constraint_violation,relocate 13
1271,0.1710549427017345,161,161,False,hard_constraint_violation,swap 63<->52
1272,0.1701996679882258,161,161,False,hard_constraint_violation,swap 75<->37
1273,0.16934866964828468,161,161,False,hard_constraint_violation,swap 73<->69
1274,0.16850192630004326,161,161,False,hard_constraint_violation,swap 75<->37
1275,0.16765941666854306,161,161,False,hard_constraint_violation,swap 28<->15
1276,0.16682111958520035,161,161,False,hard_constraint_violation,swap 75<->37
1277,0.16598701398727433,161,161,False,soft_constraint_evaluation,swap 37<->38
1278,0.16515707891733797,161,161,False,hard_constraint_violation,swap 63<->20
1279,0.16433129352275128,161,161,True,soft_constraint_evaluation,swap 32<->21
1280,0.16350963705513752,161,161,False,hard_constraint_violation,swap 37<->76
1281,0.16269208886986183,161,161,False,hard_constraint_violation,swap 71<->14
1282,0.1618786284255125,161,161,False,hard_constraint_violation,swap 43<->74
1283,0.16106923528338496,161,161,False,hard_constraint_violation,relocate 47
1284,0.16026388910696804,161,161,False,hard_constraint_violation,relocate 3
1285,0.15946256966143318,161,161,False,hard_constraint_violation,swap 33<->6
1286,0.15866525681312602,161,161,False,soft_constraint_evaluation,swap 75<->76
1287,0.15787193052906037,161,161,False,hard_constraint_violation,swap 72<->47
1288,0.15708257087641506,161,161,False,soft_constraint_evaluation,swap 75<->76
1289,0.15629715802203298,161,161,False,hard_constraint_violation,swap 70<->20
1290,0.1555156722319228,161,161,False,hard_constraint_violation,swap 75<->38
1291,0.1547380938707632,161,161,False,soft_constraint_evaluation,swap 38<->37
1292,0.15396440340140938,161,161,False,hard_constraint_violation,swap 44<->9
1293,0.15319458138440234,161,161,False,hard_constraint_violation,swap 38<->75
1294,0.15242860847748033,161,161,True,soft_constraint_evaluation,swap 39<->44
1295,0.15166646543509293,161,161,False,hard_constraint_violation,swap 37<->76
1296,0.15090813310791748,161,161,True,soft_constraint_evaluation,swap 6<->17
1297,0.1501535924423779,161,161,False,hard_constraint_violation,swap 26<->14
1298,0.149402824480166,161,161,False,hard_constraint_violation,swap 5<->52
1299,0.14865581035776518,161,161,False,soft_constraint_evaluation,swap 37<->38
1300,0.14791253130597634,161,161,False,hard_constraint_violation,relocate 2
1301,0.14717296864944646,161,161,False,hard_constraint_violation,swap 62<->8
1302,0.14643710380619923,161,161,False,soft_constraint_evaluation,swap 75<->76
1303,0.14570491828716822,161,161,False,hard_constraint_violation,swap 10<->41
1304,0.14497639369573237,161,161,False,hard_constraint_violation,swap 69<->13
1305,0.1442515117272537,161,161,False,soft_constraint_evaluation,swap 71<->52
1306,0.14353025416861742,161,161,False,hard_constraint_violation,swap 23<->74
1307,0.14281260289777434,161,161,False,hard_constraint_violation,relocate 56
1308,0.14209853988328547,161,161,False,hard_constraint_violation,relocate 38
1309,0.14138804718386905,161,161,False,hard_constraint_violation,swap 37<->76
1310,0.1406811069479497,161,161,False,hard_constraint_violation,relocate 73
1311,0.13997770141320995,161,161,False,hard_constraint_violation,swap 71<->59
1312,0.1392778129061439,161,161,False,hard_constraint_violation,relocate 43
1313,0.13858142384161318,161,161,False,hard_constraint_violation,relocate 44
1314,0.13788851672240512,161,161,False,soft_constraint_evaluation,swap 75<->76
1315,0.1371990741387931,161,161,False,hard_constraint_violation,swap 75<->38
1316,0.13651307876809912,161,161,False,hard_constraint_violation,relocate 60
1317,0.13583051337425864,161,161,False,hard_constraint_violation,swap 39<->3
1318,0.13515136080738735,161,161,False,soft_constraint_evaluation,swap 37<->38
1319,0.1344756040033504,161,161,False,hard_constraint_violation,swap 37<->75
1320,0.13380322598333366,161,161,False,hard_constraint_violation,relocate 73
1321,0.133134209853417,161,161,False,hard_constraint_violation,swap 13<->5
1322,0.1324685388041499,161,161,False,hard_constraint_violation,swap 18<->34
1323,0.13180619611012917,161,161,False,hard_constraint_violation,swap 30<->33
1324,0.13114716512957852,161,161,False,hard_constraint_violation,relocate 12
1325,0.13049142930393062,161,161,False,hard_constraint_violation,swap 10<->44
1326,0.12983897215741097,161,161,True,soft_constraint_evaluation,relocate 23
1327,0.12918977729662393,161,161,False,hard_constraint_violation,relocate 38
1328,0.1285438284101408,161,161,False,hard_constraint_violation,swap 37<->75
1329,0.1279011092680901,161,161,False,hard_constraint_violation,relocate 51
1330,0.12726160372174963,161,161,False,hard_constraint_violation,relocate 45
1331,0.12662529570314088,161,161,False,hard_constraint_violation,relocate 58
1332,0.12599216922462517,161,161,False,hard_constraint_violation,relocate 16
1333,0.12536220837850204,161,161,False,hard_constraint_violation,relocate 2
1334,0.12473539733660953,161,161,False,hard_constraint_violation,swap 43<->72
1335,0.12411172034992649,161,161,False,soft_constraint_evaluation,swap 38<->37
1336,0.12349116174817686,161,161,False,hard_constraint_violation,relocate 53
1337,0.12287370593943597,161,161,False,hard_constraint_violation,relocate 38
1338,0.1222593374097388,161,161,False,hard_constraint_violation,swap 75<->38
1339,0.1216480407226901,161,161,False,soft_constraint_evaluation,swap 37<->38
1340,0.12103980051907665,161,161,False,hard_constraint_violation,swap 75<->37
1341,0.12043460151648126,161,161,False,soft_constraint_evaluation,swap 38<->37
1342,0.11983242850889886,161,161,False,hard_constraint_violation,swap 38<->75
1343,0.11923326636635437,161,161,True,soft_constraint_evaluation,swap 32<->10
1344,0.1186371000345226,161,161,False,soft_constraint_evaluation,swap 75<->76
1345,0.11804391453435,161,161,False,hard_constraint_violation,swap 76<->38
1346,0.11745369496167825,161,161,False,soft_constraint_evaluation,swap 75<->76
1347,0.11686642648686986,161,161,False,hard_constraint_violation,relocate 22
1348,0.11628209435443551,161,161,False,hard_constraint_violation,swap 38<->76
1349,0.11570068388266333,161,161,False,hard_constraint_violation,swap 26<->50
1350,0.11512218046325001,161,161,False,hard_constraint_violation,swap 15<->7
1351,0.11454656956093376,161,161,False,hard_constraint_violation,swap 39<->2
1352,0.11397383671312909,161,161,True,soft_constraint_evaluation,swap 42<->60
1353,0.11340396752956344,161,161,False,hard_constraint_violation,swap 38<->75
1354,0.11283694769191563,161,161,False,soft_constraint_evaluation,swap 72<->69
1355,0.11227276295345605,161,161,False,hard_constraint_violation,swap 3<->51
1356,0.11171139913868877,161,161,False,soft_constraint_evaluation,swap 33<->22
1357,0.11115284214299533,161,161,False,soft_constraint_evaluation,swap 37<->38
1358,0.11059707793228035,161,161,False,soft_constraint_evaluation,swap 75<->76
1359,0.11004409254261895,161,161,False,hard_constraint_violation,swap 3<->40
1360,0.10949387207990585,161,161,False,hard_constraint_violation,relocate 52
1361,0.10894640271950633,161,161,False,hard_constraint_violation,relocate 68
1362,0.1084016707059088,161,161,False,hard_constraint_violation,relocate 65
1363,0.10785966235237925,161,161,False,hard_constraint_violation,swap 26<->67
1364,0.10732036404061734,161,161,False,hard_constraint_violation,relocate 74
1365,0.10678376222041426,161,161,False,hard_constraint_violation,swap 75<->38
1366,0.10624984340931219,161,161,False,hard_constraint_violation,swap 3<->47
1367,0.10571859419226563,161,161,False,hard_constraint_violation,swap 75<->37
1368,0.1051900012213043,161,161,False,hard_constraint_violation,relocate 67
1369,0.10466405121519778,161,161,False,hard_constraint_violation,relocate 33
1370,0.1041407309591218,161,161,False,hard_constraint_violation,relocate 4
1371,0.10362002730432619,161,161,False,hard_constraint_violation,relocate 29
1372,0.10310192716780456,161,161,False,soft_constraint_evaluation,swap 38<->37
1373,0.10258641753196554,161,161,False,hard_constraint_violation,swap 56<->31
1374,0.10207348544430571,161,161,False,soft_constraint_evaluation,swap 75<->76
1375,0.10156311801708418,161,161,False,hard_constraint_violation,swap 18<->72
1376,0.10105530242699876,161,161,False,hard_constraint_violation,swap 18<->42
1377,0.10055002591486376,161,161,False,hard_constraint_violation,swap 58<->19
1378,0.10004727578528944,161,161,False,hard_constraint_violation,swap 43<->9
1379,0.09954703940636299,161,161,False,hard_constraint_violation,swap 24<->43
1380,0.09904930420933117,161,161,False,hard_constraint_violation,relocate 19
1381,0.09855405768828451,161,161,False,hard_constraint_violation,relocate 55
1382,0.09806128739984309,161,161,False,soft_constraint_evaluation,swap 38<->37
1383,0.09757098096284388,161,161,False,hard_constraint_violation,swap 38<->75
1384,0.09708312605802966,161,161,False,hard_constraint_violation,swap 48<->11
1385,0.09659771042773951,161,161,False,hard_constraint_violation,swap 38<->75
1386,0.09611472187560081,161,161,False,hard_constraint_violation,relocate 63
1387,0.09563414826622281,161,161,False,hard_constraint_violation,swap 76<->38
1388,0.0951559775248917,161,161,False,hard_constraint_violation,swap 29<->5
1389,0.09468019763726725,161,161,False,hard_constraint_violation,swap 35<->55
1390,0.09420679664908091,161,161,False,hard_constraint_violation,swap 27<->9
1391,0.0937357626658355,161,161,False,soft_constraint_evaluation,swap 76<->75
1392,0.09326708385250632,161,161,True,soft_constraint_evaluation,swap 57<->54
1393,0.09280074843324379,161,161,False,hard_constraint_violation,relocate 51
1394,0.09233674469107757,161,161,False,hard_constraint_violation,swap 69<->14
1395,0.09187506096762219,161,161,False,hard_constraint_violation,swap 32<->69
1396,0.09141568566278407,161,161,False,hard_constraint_violation,swap 74<->52
1397,0.09095860723447015,161,161,False,hard_constraint_violation,swap 25<->40
1398,0.0905038141982978,161,161,False,hard_constraint_violation,swap 75<->38
1399,0.09005129512730631,161,161,False,hard_constraint_violation,swap 37<->75
1400,0.08960103865166978,161,161,True,soft_constraint_evaluation,swap 62<->60
1401,0.08915303345841143,161,161,False,hard_constraint_violation,swap 24<->72
1402,0.08870726829111937,161,161,False,hard_constraint_violation,swap 75<->38
1403,0.08826373194966378,161,161,False,hard_constraint_violation,swap 38<->76
1404,0.08782241328991545,161,161,False,hard_constraint_violation,swap 38<->75
1405,0.08738330122346588,161,161,False,hard_constraint_violation,relocate 12
1406,0.08694638471734856,161,161,False,hard_constraint_violation,relocate 49
1407,0.08651165279376181,161,161,False,hard_constraint_violation,swap 38<->76
1408,0.08607909452979301,161,161,False,hard_constraint_violation,swap 22<->45
1409,0.08564869905714405,161,161,False,hard_constraint_violation,swap 21<->19
1410,0.08522045556185832,161,161,False,hard_constraint_violation,swap 56<->42
1411,0.08479435328404904,161,161,False,soft_constraint_evaluation,swap 75<->76
1412,0.0843703815176288,161,161,False,hard_constraint_violation,relocate 26
1413,0.08394852961004065,161,161,False,soft_constraint_evaluation,swap 37<->38
1414,0.08352878696199045,161,161,False,hard_constraint_violation,swap 66<->31
1415,0.0831111430271805,161,161,False,hard_constraint_violation,swap 76<->38
1416,0.0826955873120446,161,161,False,hard_constraint_violation,swap 32<->73
1417,0.08228210937548437,161,161,False,hard_constraint_violation,swap 7<->24
1418,0.08187069882860695,161,161,False,hard_constraint_violation,swap 37<->76
1419,0.08146134533446392,161,161,False,hard_constraint_violation,relocate 38
1420,0.0810540386077916,161,161,False,hard_constraint_violation,swap 7<->14
1421,0.08064876841475264,161,161,False,hard_constraint_violation,swap 21<->39
1422,0.08024552457267888,161,161,False,hard_constraint_violation,swap 61<->49
1423,0.07984429694981549,161,161,False,hard_constraint_violation,relocate 12
1424,0.0794450754650664,161,161,False,soft_constraint_evaluation,swap 37<->38
1425,0.07904785008774107,161,161,False,soft_constraint_evaluation,swap 38<->37
1426,0.07865261083730236,161,161,False,hard_constraint_violation,swap 38<->75
1427,0.07825934778311586,161,161,False,hard_constraint_violation,swap 14<->70
1428,0.07786805104420028,161,161,False,hard_constraint_violation,relocate 64
1429,0.07747871078897928,161,161,False,hard_constraint_violation,relocate 39
1430,0.07709131723503437,161,161,False,soft_constraint_evaluation,swap 75<->76
1431,0.0767058606488592,161,161,False,soft_constraint_evaluation,swap 66<->69
1432,0.0763223313456149,161,161,False,hard_constraint_violation,swap 30<->40
1433,0.07594071968888683,161,161,False,hard_constraint_violation,relocate 1
1434,0.0755610160904424,161,161,False,hard_constraint_violation,swap 27<->56
1435,0.07518321100999019,161,161,False,soft_constraint_evaluation,swap 75<->76
1436,0.07480729495494023,161,161,False,hard_constraint_violation,swap 39<->33
1437,0.07443325848016553,161,161,True,soft_constraint_evaluation,relocate 42
1438,0.0740610921877647,161,161,False,hard_constraint_violation,swap 37<->76
1439,0.07369078672682587,161,161,False,soft_constraint_evaluation,swap 76<->75
1440,0.07332233279319174,161,161,False,hard_constraint_violation,relocate 23
1441,0.07295572112922578,161,161,False,hard_constraint_violation,swap 76<->38
1442,0.07259094252357966,161,161,False,hard_constraint_violation,relocate 18
1443,0.07222798781096176,161,161,False,hard_constraint_violation,swap 75<->38
1444,0.07186684787190696,161,161,False,hard_constraint_violation,relocate 55
1445,0.07150751363254743,161,161,False,hard_constraint_violation,relocate 41
1446,0.07114997606438468,161,161,False,hard_constraint_violation,relocate 43
1447,0.07079422618406275,161,161,False,hard_constraint_violation,swap 45<->48
1448,0.07044025505314244,161,161,False,soft_constraint_evaluation,swap 36<->4
1449,0.07008805377787673,161,161,False,hard_constraint_violation,swap 52<->24
1450,0.06973761350898734,161,161,False,soft_constraint_evaluation,swap 75<->76
1451,0.0693889254414424,161,161,False,hard_constraint_violation,swap 38<->76
1452,0.06904198081423518,161,161,False,hard_constraint_violation,swap 38<->75
1453,0.068696770910164,161,161,False,hard_constraint_violation,swap 50<->5
1454,0.06835328705561318,161,161,False,hard_constraint_violation,relocate 12
1455,0.06801152062033511,161,161,False,soft_constraint_evaluation,swap 38<->37
1456,0.06767146301723344,161,161,False,hard_constraint_violation,swap 75<->37
1457,0.06733310570214728,161,161,False,hard_constraint_violation,relocate 13
1458,0.06699644017363654,161,161,False,hard_constraint_violation,swap 27<->5
1459,0.06666145797276836,161,161,False,hard_constraint_violation,swap 1<->42
1460,0.06632815068290451,161,161,False,hard_constraint_violation,relocate 12
1461,0.06599650992949,161,161,False,hard_constraint_violation,swap 14<->69
1462,0.06566652737984255,161,161,False,hard_constraint_violation,relocate 42
1463,0.06533819474294333,161,161,False,hard_constraint_violation,swap 38<->76
1464,0.06501150376922862,161,161,False,soft_constraint_evaluation,swap 75<->76
1465,0.06468644625038247,161,161,False,soft_constraint_evaluation,swap 35<->20
1466,0.06436301401913055,161,161,False,hard_constraint_violation,swap 27<->72
1467,0.0640411989490349,161,161,False,hard_constraint_violation,swap 75<->37
1468,0.06372099295428972,161,161,False,hard_constraint_violation,relocate 39
1469,0.06340238798951828,161,161,False,hard_constraint_violation,swap 42<->46
1470,0.06308537604957068,161,161,False,hard_constraint_violation,swap 17<->4
1471,0.06276994916932283,161,161,False,hard_constraint_violation,swap 14<->52
1472,0.06245609942347621,161,161,False,hard_constraint_violation,swap 76<->37
1473,0.06214381892635883,161,161,False,hard_constraint_violation,relocate 76
1474,0.06183309983172704,161,161,False,hard_constraint_violation,swap 75<->37
1475,0.0615239343325684,161,161,False,hard_constraint_violation,relocate 71
1476,0.06121631466090555,161,161,False,hard_constraint_violation,relocate 62
1477,0.060910233087601025,161,161,False,soft_constraint_evaluation,swap 37<->38
1478,0.06060568192216302,161,161,False,hard_constraint_violation,swap 76<->37
1479,0.06030265351255221,161,161,False,hard_constraint_violation,relocate 19
1480,0.06000114024498945,161,161,False,hard_constraint_violation,swap 76<->37
1481,0.0597011345437645,161,161,False,hard_constraint_violation,swap 75<->38
1482,0.05940262887104568,161,161,False,hard_constraint_violation,swap 63<->15
1483,0.05910561572669045,161,161,False,hard_constraint_violation,swap 38<->76
1484,0.058810087648057,161,161,False,hard_constraint_violation,relocate 38
1485,0.05851603720981671,161,161,False,soft_constraint_evaluation,swap 37<->38
1486,0.058223457023767626,161,161,False,hard_constraint_violation,swap 76<->38
1487,0.05793233973864879,161,161,False,hard_constraint_violation,swap 32<->73
1488,0.05764267803995554,161,161,False,hard_constraint_violation,swap 76<->37
1489,0.057354464649755764,161,161,False,soft_constraint_evaluation,swap 76<->75
1490,0.057067692326506984,161,161,False,hard_constraint_violation,swap 23<->10
1491,0.05678235386487445,161,161,False,hard_constraint_violation,relocate 38
1492,0.05649844209555008,161,161,False,soft_constraint_evaluation,swap 75<->76
1493,0.05621594988507233,161,161,False,hard_constraint_violation,swap 76<->37
1494,0.05593487013564697,161,161,False,hard_constraint_violation,swap 75<->38
1495,0.05565519578496873,161,161,False,hard_constraint_violation,swap 12<->28
1496,0.05537691980604389,161,161,False,hard_constraint_violation,relocate 75
1497,0.05510003520701367,161,161,False,hard_constraint_violation,relocate 20
1498,0.0548245350309786,161,161,False,hard_constraint_violation,swap 76<->37
1499,0.05455041235582371,161,161,False,soft_constraint_evaluation,swap 75<->76
1500,0.05427766029404459,161,161,False,hard_constraint_violation,swap 75<->37
1501,0.05400627199257437,161,161,False,hard_constraint_violation,swap 38<->76
1502,0.0537362406326115,161,161,False,hard_constraint_violation,swap 1<->74
1503,0.05346755942944845,161,161,False,hard_constraint_violation,relocate 48
1504,0.0532002216323012,161,161,False,hard_constraint_violation,relocate 4
1505,0.052934220524139694,161,161,False,soft_constraint_evaluation,swap 75<->76
1506,0.052669549421518996,161,161,False,hard_constraint_violation,swap 23<->63
1507,0.0524062016744114,161,161,False,hard_constraint_violation,swap 75<->38
1508,0.052144170666039345,161,161,False,hard_constraint_violation,swap 18<->2
1509,0.05188344981270915,161,161,False,hard_constraint_violation,swap 19<->65
1510,0.0516240325636456,161,161,False,hard_constraint_violation,swap 11<->18
1511,0.05136591240082737,161,161,False,soft_constraint_evaluation,swap 76<->75
1512,0.05110908283882323,161,161,False,hard_constraint_violation,swap 61<->68
1513,0.050853537424629114,161,161,False,hard_constraint_violation,swap 76<->38
1514,0.05059926973750597,161,161,False,hard_constraint_violation,swap 37<->75
1515,0.05034627338881844,161,161,False,hard_constraint_violation,swap 67<->35
1516,0.05009454202187435,161,161,False,hard_constraint_violation,swap 37<->76
1517,0.04984406931176498,161,161,False,hard_constraint_violation,swap 37<->75
1518,0.049594848965206155,161,161,False,hard_constraint_violation,swap 19<->70
1519,0.04934687472038012,161,161,False,hard_constraint_violation,relocate 36
1520,0.049100140346778225,161,161,False,hard_constraint_violation,swap 32<->63
1521,0.048854639645044336,161,161,False,hard_constraint_violation,swap 72<->42
1522,0.04861036644681911,161,161,False,soft_constraint_evaluation,swap 37<->38
1523,0.048367314614585016,161,161,False,hard_constraint_violation,relocate 38
1524,0.04812547804151209,161,161,False,hard_constraint_violation,swap 75<->37
1525,0.04788485065130453,161,161,False,hard_constraint_violation,swap 75<->37
1526,0.04764542639804801,161,161,False,hard_constraint_violation,swap 7<->40
1527,0.04740719926605777,161,161,False,hard_constraint_violation,relocate 4
1528,0.047170163269727484,161,161,False,hard_constraint_violation,swap 67<->10
1529,0.04693431245337885,161,161,False,hard_constraint_violation,relocate 36
1530,0.046699640891111956,161,161,False,hard_constraint_violation,swap 75<->38
1531,0.04646614268665639,161,161,True,soft_constraint_evaluation,swap 23<->20
1532,0.04623381197322311,161,161,False,hard_constraint_violation,swap 38<->76
1533,0.046002642913357,161,161,False,hard_constraint_violation,relocate 31
1534,0.045772629698790215,161,161,False,hard_constraint_violation,swap 46<->11
1535,0.045543766550296266,161,161,True,soft_constraint_evaluation,relocate 20
1536,0.045316047717544786,161,161,False,hard_constraint_violation,relocate 55
1537,0.04508946747895706,161,161,False,soft_constraint_evaluation,swap 38<->37
1538,0.04486402014156228,161,161,False,hard_constraint_violation,relocate 7
1539,0.04463970004085447,161,161,False,hard_constraint_violation,relocate 15
1540,0.044416501540650195,161,161,False,hard_constraint_violation,swap 76<->38
1541,0.04419441903294694,161,161,True,soft_constraint_evaluation,swap 51<->52
1542,0.043973446937782205,161,161,True,soft_constraint_evaluation,swap 70<->58
1543,0.04375357970309329,161,161,False,soft_constraint_evaluation,swap 76<->75
1544,0.04353481180457783,161,161,False,hard_constraint_violation,swap 13<->71
1545,0.043317137745554936,161,161,False,hard_constraint_violation,swap 75<->38
1546,0.04310055205682716,161,161,False,hard_constraint_violation,swap 33<->53
1547,0.04288504929654303,161,161,False,hard_constraint_violation,swap 25<->69
1548,0.042670624050060314,161,161,False,hard_constraint_violation,swap 43<->73
1549,0.04245727092981001,161,161,False,hard_constraint_violation,swap 9<->2
1550,0.04224498457516096,161,161,False,hard_constraint_violation,swap 60<->47
1551,0.04203375965228515,161,161,False,hard_constraint_violation,swap 75<->37
1552,0.04182359085402373,161,161,False,soft_constraint_evaluation,swap 8<->28
1553,0.04161447289975361,161,161,False,hard_constraint_violation,swap 12<->17
1554,0.04140640053525484,161,161,False,hard_constraint_violation,swap 15<->24
1555,0.04119936853257857,161,161,False,hard_constraint_violation,swap 37<->75
1556,0.04099337168991568,161,161,False,soft_constraint_evaluation,swap 76<->75
1557,0.040788404831466105,161,161,False,hard_constraint_violation,relocate 44
1558,0.04058446280730878,161,161,False,hard_constraint_violation,swap 36<->8
1559,0.040381540493272236,161,161,False,soft_constraint_evaluation,swap 37<->38
1560,0.04017963279080587,161,161,False,soft_constraint_evaluation,swap 37<->38
1561,0.03997873462685184,161,161,False,hard_constraint_violation,swap 38<->75
1562,0.03977884095371759,161,161,False,hard_constraint_violation,swap 72<->58
1563,0.039579946748949,161,161,False,hard_constraint_violation,swap 59<->34
1564,0.03938204701520425,161,161,False,soft_constraint_evaluation,swap 10<->33
1565,0.03918513678012823,161,161,False,hard_constraint_violation,swap 38<->75
1566,0.038989211096227584,161,161,False,hard_constraint_violation,swap 52<->35
1567,0.03879426504074645,161,161,False,soft_constraint_evaluation,swap 76<->75
1568,0.038600293715542716,161,161,False,hard_constraint_violation,relocate 65
1569,0.038407292246965,161,161,False,hard_constraint_violation,swap 72<->29
1570,0.03821525578573017,161,161,False,hard_constraint_violation,swap 37<->75
1571,0.03802417950680152,161,161,False,soft_constraint_evaluation,swap 75<->76
1572,0.037834058609267515,161,161,False,hard_constraint_violation,swap 49<->71
1573,0.037644888316221176,161,161,False,hard_constraint_violation,relocate 46
1574,0.03745666387464007,161,161,False,hard_constraint_violation,relocate 40
1575,0.03726938055526687,161,161,False,hard_constraint_violation,swap 52<->25
1576,0.037083033652490535,161,161,False,hard_constraint_violation,swap 37<->75
1577,0.03689761848422808,161,161,False,hard_constraint_violation,swap 37<->75
1578,0.03671313039180694,161,161,False,hard_constraint_violation,swap 18<->5
1579,0.036529564739847906,161,161,False,soft_constraint_evaluation,swap 65<->52
1580,0.036346916916148664,161,161,False,soft_constraint_evaluation,swap 76<->75
1581,0.03616518233156792,161,161,False,hard_constraint_violation,relocate 3
1582,0.03598435641991008,161,161,False,soft_constraint_evaluation,swap 37<->38
1583,0.03580443463781053,161,161,True,soft_constraint_evaluation,relocate 69
1584,0.035625412464621475,161,161,False,hard_constraint_violation,relocate 71
1585,0.03544728540229837,161,161,False,hard_constraint_violation,relocate 30
1586,0.03527004897528688,161,161,False,hard_constraint_violation,swap 65<->3
1587,0.03509369873041044,161,161,False,soft_constraint_evaluation,swap 32<->17
1588,0.034918230236758385,161,161,False,soft_constraint_evaluation,swap 37<->38
1589,0.034743639085574596,161,161,False,hard_constraint_violation,relocate 9
1590,0.034569920890146724,161,161,False,hard_constraint_violation,swap 9<->26
1591,0.03439707128569599,161,161,False,hard_constraint_violation,swap 75<->37
1592,0.034225085929267506,161,161,False,hard_constraint_violation,relocate 38
1593,0.034053960499621165,161,161,False,hard_constraint_violation,swap 6<->23
1594,0.03388369069712306,161,161,False,hard_constraint_violation,swap 36<->19
1595,0.03371427224363745,161,161,False,hard_constraint_violation,relocate 22
1596,0.03354570088241926,161,161,False,hard_constraint_violation,swap 38<->75
1597,0.033377972378007166,161,161,False,hard_constraint_violation,swap 51<->21
1598,0.03321108251611713,161,161,False,hard_constraint_violation,swap 37<->76
1599,0.033045027103536545,161,161,False,hard_constraint_violation,swap 39<->56
1600,0.03287980196801886,161,161,False,soft_constraint_evaluation,swap 38<->37
1601,0.03271540295817876,161,161,False,hard_constraint_violation,swap 76<->37
1602,0.03255182594338787,161,161,False,hard_constraint_violation,relocate 5
1603,0.03238906681367093,161,161,False,hard_constraint_violation,swap 37<->75
1604,0.03222712147960258,161,161,False,hard_constraint_violation,relocate 41
1605,0.032065985872204564,161,161,False,hard_constraint_violation,swap 25<->16
1606,0.03190565594284354,161,161,False,hard_constraint_violation,relocate 13
1607,0.03174612766312932,161,161,False,hard_constraint_violation,swap 62<->27
1608,0.031587397024813675,161,161,False,soft_constraint_evaluation,swap 15<->20
1609,0.031429460039689605,161,161,False,hard_constraint_violation,relocate 63
1610,0.03127231273949116,161,161,False,hard_constraint_violation,swap 7<->49
1611,0.031115951175793702,161,161,False,hard_constraint_violation,swap 75<->38
1612,0.030960371419914732,161,161,False,hard_constraint_violation,swap 37<->76
1613,0.030805569562815157,161,161,False,hard_constraint_violation,relocate 71
1614,0.03065154171500108,160,160,True,soft_constraint_evaluation,swap 65<->68
1615,0.030498284006426075,158,158,True,soft_constraint_evaluation,swap 59<->44
1616,0.030345792586393944,158,158,False,soft_constraint_evaluation,swap 38<->37
1617,0.030194063623461973,158,158,False,hard_constraint_violation,swap 38<->76
1618,0.030043093305344663,158,158,False,hard_constraint_violation,relocate 10
1619,0.02989287783881794,158,158,False,hard_constraint_violation,swap 58<->19
1620,0.029743413449623852,158,158,False,hard_constraint_violation,swap 38<->76
1621,0.029594696382375732,158,158,False,hard_constraint_violation,swap 38<->75
1622,0.029446722900463854,158,158,False,hard_constraint_violation,swap 38<->76
1623,0.029299489285961534,158,158,False,soft_constraint_evaluation,swap 36<->18
1624,0.029152991839531725,158,158,False,hard_constraint_violation,swap 38<->76
1625,0.029007226880334067,158,158,False,hard_constraint_violation,swap 38<->75
1626,0.028862190745932395,158,158,False,hard_constraint_violation,relocate 22
1627,0.028717879792202732,158,158,False,hard_constraint_violation,relocate 30
1628,0.02857429039324172,158,158,False,hard_constraint_violation,swap 38<->75
1629,0.02843141894127551,158,158,False,hard_constraint_violation,swap 75<->37
1630,0.02828926184656913,158,158,False,hard_constraint_violation,relocate 32
1631,0.028147815537336286,158,158,False,hard_constraint_violation,swap 20<->1
1632,0.028007076459649605,158,158,False,hard_constraint_violation,swap 6<->63
1633,0.027867041077351357,158,158,False,hard_constraint_violation,relocate 67
1634,0.0277277058719646,158,158,False,soft_constraint_evaluation,swap 76<->75
1635,0.027589067342604776,158,158,False,hard_constraint_violation,swap 11<->74
1636,0.027451122005891754,158,158,False,hard_constraint_violation,relocate 55
1637,0.027313866395862293,158,158,False,hard_constraint_violation,swap 38<->75
1638,0.027177297063882982,158,158,False,hard_constraint_violation,relocate 3
1639,0.027041410578563567,158,158,False,hard_constraint_violation,swap 61<->4
1640,0.02690620352567075,158,158,False,hard_constraint_violation,relocate 62
1641,0.026771672508042396,158,158,False,hard_constraint_violation,relocate 54
1642,0.026637814145502182,158,158,False,hard_constraint_violation,relocate 50
1643,0.026504625074774673,158,158,False,hard_constraint_violation,relocate 1
1644,0.0263721019494008,158,158,False,soft_constraint_evaluation,swap 37<->38
1645,0.026240241439653797,158,158,False,hard_constraint_violation,swap 11<->45
1646,0.026109040232455527,158,158,False,hard_constraint_violation,relocate 8
1647,0.02597849503129325,158,158,False,hard_constraint_violation,relocate 49
1648,0.025848602556136784,158,158,False,soft_constraint_evaluation,swap 76<->75
1649,0.0257193595433561,158,158,False,hard_constraint_violation,swap 74<->27
1650,0.02559076274563932,158,158,False,hard_constraint_violation,swap 38<->75
1651,0.025462808931911125,158,158,False,hard_constraint_violation,swap 38<->75
1652,0.025335494887251567,158,158,False,hard_constraint_violation,relocate 44
1653,0.02520881741281531,158,158,False,hard_constraint_violation,relocate 67
1654,0.025082773325751234,158,158,True,soft_constraint_evaluation,swap 50<->47
1655,0.024957359459122478,158,158,False,soft_constraint_evaluation,swap 63<->71
1656,0.024832572661826865,158,158,False,soft_constraint_evaluation,swap 76<->75
1657,0.02470840979851773,158,158,False,hard_constraint_violation,swap 25<->61
1658,0.024584867749525143,158,158,False,hard_constraint_violation,swap 38<->76
1659,0.024461943410777516,158,158,False,hard_constraint_violation,relocate 10
1660,0.02433963369372363,158,158,False,hard_constraint_violation,swap 19<->66
1661,0.024217935525255013,158,158,False,hard_constraint_violation,swap 69<->3
1662,0.024096845847628737,158,158,False,hard_constraint_violation,swap 63<->47
1663,0.023976361618390594,158,158,False,hard_constraint_violation,swap 40<->25
1664,0.02385647981029864,158,158,False,hard_constraint_violation,swap 69<->45
1665,0.023737197411247146,158,158,False,hard_constraint_violation,swap 75<->38
1666,0.02361851142419091,158,158,False,hard_constraint_violation,swap 76<->38
1667,0.023500418867069956,158,158,False,hard_constraint_violation,swap 38<->76
1668,0.023382916772734606,158,158,False,hard_constraint_violation,swap 75<->37
1669,0.023266002188870934,158,158,False,hard_constraint_violation,swap 76<->37
1670,0.02314967217792658,158,158,False,soft_constraint_evaluation,swap 71<->39
1671,0.023033923817036946,158,158,False,hard_constraint_violation,swap 21<->31
1672,0.022918754197951762,158,158,False,hard_constraint_violation,swap 38<->76
1673,0.022804160426962004,158,158,False,hard_constraint_violation,swap 27<->74
1674,0.022690139624827195,158,158,False,hard_constraint_violation,relocate 43
1675,0.02257668892670306,158,158,False,hard_constraint_violation,swap 38<->75
1676,0.022463805482069544,158,158,False,hard_constraint_violation,swap 54<->66
1677,0.022351486454659196,158,158,False,hard_constraint_violation,relocate 61
1678,0.0222397290223859,158,158,False,hard_constraint_violation,swap 75<->38
1679,0.02212853037727397,158,158,False,hard_constraint_violation,relocate 38
1680,0.0220178877253876,158,158,False,hard_constraint_violation,relocate 59
1681,0.021907798286760663,158,158,False,hard_constraint_violation,swap 37<->76
1682,0.02179825929532686,158,158,False,hard_constraint_violation,swap 42<->4
1683,0.021689267998850226,158,158,False,soft_constraint_evaluation,swap 60<->48
1684,0.021580821658855977,158,158,False,hard_constraint_violation,swap 70<->29
1685,0.021472917550561698,158,158,False,hard_constraint_violation,relocate 36
1686,0.02136555296280889,158,158,False,hard_constraint_violation,swap 37<->75
1687,0.021258725197994845,158,158,False,soft_constraint_evaluation,swap 75<->76
1688,0.02115243157200487,158,158,False,hard_constraint_violation,relocate 49
1689,0.021046669414144844,158,158,False,hard_constraint_violation,swap 75<->38
1690,0.020941436067074118,158,158,False,hard_constraint_violation,swap 75<->38
1691,0.020836728886738747,158,158,False,hard_constraint_violation,swap 37<->76
1692,0.020732545242305053,158,158,False,hard_constraint_violation,relocate 59
1693,0.020628882516093527,158,158,False,hard_constraint_violation,relocate 39
1694,0.020525738103513057,158,158,False,hard_constraint_violation,relocate 57
1695,0.020423109412995494,158,158,False,hard_constraint_violation,swap 19<->27
1696,0.020320993865930517,158,158,False,hard_constraint_violation,swap 37<->75
1697,0.020219388896600864,158,158,False,hard_constraint_violation,relocate 12
1698,0.02011829195211786,158,158,False,hard_constraint_violation,swap 76<->37
1699,0.020017700492357272,158,158,False,hard_constraint_violation,swap 26<->24
1700,0.019917611989895487,158,158,False,hard_constraint_violation,relocate 40
1701,0.01981802392994601,158,158,False,hard_constraint_violation,swap 75<->38
1702,0.01971893381029628,158,158,False,soft_constraint_evaluation,swap 38<->37
1703,0.019620339141244798,158,158,False,hard_constraint_violation,swap 76<->37
1704,0.019522237445538573,158,158,False,hard_constraint_violation,swap 76<->37
1705,0.01942462625831088,158,158,False,hard_constraint_violation,swap 4<->16
1706,0.019327503127019325,158,158,False,hard_constraint_violation,relocate 66
1707,0.019230865611384228,158,158,False,soft_constraint_evaluation,swap 76<->75
1708,0.019134711283327308,158,158,False,soft_constraint_evaluation,swap 37<->38
1709,0.019039037726910672,158,158,False,hard_constraint_violation,swap 38<->75
1710,0.01894384253827612,158,158,False,soft_constraint_evaluation,swap 76<->75
1711,0.01884912332558474,158,158,False,hard_constraint_violation,swap 75<->38
1712,0.018754877708956817,158,158,False,soft_constraint_evaluation,swap 37<->38
1713,0.018661103320412032,158,158,False,hard_constraint_violation,swap 68<->25
1714,0.01856779780380997,158,158,False,hard_constraint_violation,relocate 24
1715,0.018474958814790922,158,158,False,hard_constraint_violation,swap 72<->44
1716,0.018382584020716967,158,158,False,hard_constraint_violation,relocate 41
1717,0.01829067110061338,158,158,False,hard_constraint_violation,swap 37<->75
1718,0.018199217745110314,158,158,False,hard_constraint_violation,swap 2<->18
1719,0.018108221656384763,158,158,False,hard_constraint_violation,swap 76<->38
1720,0.01801768054810284,158,158,False,hard_constraint_violation,swap 14<->28
1721,0.017927592145362325,158,158,False,hard_constraint_violation,swap 25<->74
1722,0.017837954184635515,158,158,False,hard_constraint_violation,swap 56<->61
1723,0.01774876441371234,158,158,False,hard_constraint_violation,relocate 15
1724,0.017660020591643778,158,158,False,hard_constraint_violation,relocate 64
1725,0.01757172048868556,158,158,False,hard_constraint_violation,swap 38<->76
1726,0.01748386188624213,158,158,False,hard_constraint_violation,relocate 69
1727,0.01739644257681092,158,158,False,hard_constraint_violation,swap 37<->75
1728,0.017309460363926867,158,158,False,hard_constraint_violation,relocate 29
1729,0.017222913062107232,158,158,True,soft_constraint_evaluation,relocate 19
1730,0.017136798496796696,158,158,False,hard_constraint_violation,swap 17<->11
1731,0.017051114504312712,158,158,False,hard_constraint_violation,swap 10<->3
1732,0.016965858931791148,158,158,False,hard_constraint_violation,relocate 58
1733,0.016881029637132193,158,158,False,hard_constraint_violation,swap 68<->8
1734,0.016796624488946532,158,158,False,hard_constraint_violation,swap 37<->76
1735,0.016712641366501798,158,158,False,hard_constraint_violation,swap 13<->16
1736,0.01662907815966929,158,158,False,hard_constraint_violation,relocate 27
1737,0.016545932768870945,158,158,False,hard_constraint_violation,relocate 24
1738,0.01646320310502659,158,158,False,hard_constraint_violation,swap 36<->47
1739,0.01638088708950146,158,158,False,hard_constraint_violation,swap 67<->9
1740,0.01629898265405395,158,158,False,hard_constraint_violation,swap 70<->28
1741,0.01621748774078368,158,158,False,hard_constraint_violation,relocate 39
1742,0.016136400302079763,158,158,False,hard_constraint_violation,relocate 71
1743,0.016055718300569365,158,158,False,hard_constraint_violation,relocate 13
1744,0.01597543970906652,158,158,False,hard_constraint_violation,relocate 63
1745,0.015895562510521186,158,158,False,hard_constraint_violation,swap 59<->14
1746,0.01581608469796858,158,158,False,hard_constraint_violation,swap 76<->38
1747,0.015737004274478737,158,158,False,hard_constraint_violation,swap 55<->15
1748,0.015658319253106342,158,158,True,soft_constraint_evaluation,relocate 43
1749,0.01558002765684081,158,158,False,hard_constraint_violation,swap 66<->49
1750,0.015502127518556607,158,158,False,hard_constraint_violation,relocate 74
1751,0.015424616880963823,158,158,False,soft_constraint_evaluation,swap 37<->38
1752,0.015347493796559005,158,158,False,hard_constraint_violation,swap 76<->37
1753,0.015270756327576209,158,158,False,hard_constraint_violation,swap 76<->37
1754,0.015194402545938328,158,158,False,hard_constraint_violation,relocate 63
1755,0.015118430533208637,158,158,False,soft_constraint_evaluation,swap 37<->38
1756,0.015042838380542593,158,158,True,soft_constraint_evaluation,swap 16<->19
1757,0.01496762418863988,158,158,False,soft_constraint_evaluation,swap 22<->9
1758,0.014892786067696681,158,158,False,hard_constraint_violation,swap 54<->16
1759,0.014818322137358198,158,158,False,hard_constraint_violation,swap 76<->38
1760,0.014744230526671407,158,158,False,hard_constraint_violation,relocate 75
1761,0.014670509374038049,158,158,False,hard_constraint_violation,swap 75<->38
1762,0.014597156827167859,158,158,False,soft_constraint_evaluation,swap 76<->75
1763,0.01452417104303202,158,158,False,hard_constraint_violation,relocate 14
1764,0.01445155018781686,158,158,False,hard_constraint_violation,swap 38<->75
1765,0.014379292436877775,158,158,False,hard_constraint_violation,relocate 4
1766,0.014307395974693387,158,158,False,hard_constraint_violation,relocate 9
1767,0.01423585899481992,158,158,False,hard_constraint_violation,swap 51<->44
1768,0.01416467969984582,158,158,False,hard_constraint_violation,swap 10<->69
1769,0.01409385630134659,158,158,False,hard_constraint_violation,relocate 62
1770,0.014023387019839857,158,158,False,soft_constraint_evaluation,swap 76<->75
1771,0.013953270084740657,158,158,False,hard_constraint_violation,swap 5<->58
1772,0.013883503734316955,158,158,False,hard_constraint_violation,relocate 16
1773,0.01381408621564537,158,158,False,hard_constraint_violation,swap 76<->38
1774,0.013745015784567143,147,147,True,soft_constraint_evaluation,swap 74<->41
1775,0.013676290705644308,147,147,False,hard_constraint_violation,relocate 22
1776,0.013607909252116086,147,147,False,hard_constraint_violation,swap 76<->38
1777,0.013539869705855506,147,147,False,hard_constraint_violation,relocate 37
1778,0.013472170357326228,147,147,False,soft_constraint_evaluation,swap 76<->75
1779,0.013404809505539596,147,147,False,hard_constraint_violation,swap 75<->38
1780,0.013337785458011899,147,147,False,hard_constraint_violation,swap 75<->38
1781,0.01327109653072184,147,147,False,soft_constraint_evaluation,swap 6<->17
1782,0.01320474104806823,147,147,True,soft_constraint_evaluation,swap 46<->51
1783,0.013138717342827889,147,147,False,hard_constraint_violation,swap 75<->38
1784,0.01307302375611375,147,147,True,soft_constraint_evaluation,swap 32<->31
1785,0.013007658637333181,147,147,False,hard_constraint_violation,swap 9<->42
1786,0.012942620344146515,147,147,False,hard_constraint_violation,swap 3<->71
1787,0.012877907242425782,147,147,False,soft_constraint_evaluation,swap 76<->75
1788,0.012813517706213653,147,147,False,hard_constraint_violation,swap 63<->3
1789,0.012749450117682585,147,147,False,hard_constraint_violation,relocate 51
1790,0.012685702867094173,147,147,False,hard_constraint_violation,swap 65<->13
1791,0.012622274352758702,147,147,False,hard_constraint_violation,swap 46<->66
1792,0.012559162980994909,147,147,False,hard_constraint_violation,swap 38<->75
1793,0.012496367166089935,147,147,False,hard_constraint_violation,swap 38<->76
1794,0.012433885330259485,147,147,False,hard_constraint_violation,swap 71<->28
1795,0.012371715903608188,147,147,False,hard_constraint_violation,swap 41<->54
1796,0.012309857324090148,147,147,False,hard_constraint_violation,relocate 12
1797,0.012248308037469697,147,147,False,hard_constraint_violation,swap 75<->37
1798,0.012187066497282349,147,147,False,hard_constraint_violation,swap 76<->37
1799,0.012126131164795937,147,147,False,hard_constraint_violation,swap 41<->67
1800,0.012065500508971958,147,147,False,hard_constraint_violation,relocate 58
1801,0.012005173006427098,147,147,False,hard_constraint_violation,swap 76<->38
1802,0.011945147141394961,147,147,False,soft_constraint_evaluation,swap 38<->37
1803,0.011885421405687987,147,147,False,hard_constraint_violation,swap 66<->28
1804,0.011825994298659546,147,147,False,soft_constraint_evaluation,swap 75<->76
1805,0.011766864327166249,147,147,False,hard_constraint_violation,swap 37<->75
1806,0.011708030005530418,147,147,False,soft_constraint_evaluation,swap 38<->37
1807,0.011649489855502765,147,147,False,hard_constraint_violation,swap 76<->38
1808,0.011591242406225251,147,147,False,hard_constraint_violation,swap 27<->55
1809,0.011533286194194125,147,147,False,hard_constraint_violation,swap 38<->76
1810,0.011475619763223154,147,147,False,hard_constraint_violation,swap 54<->31
1811,0.011418241664407039,147,147,False,hard_constraint_violation,swap 4<->32
1812,0.011361150456085004,147,147,False,hard_constraint_violation,relocate 42
1813,0.011304344703804578,147,147,False,soft_constraint_evaluation,swap 76<->75
1814,0.011247822980285555,147,147,False,soft_constraint_evaluation,swap 38<->37
1815,0.011191583865384127,147,147,False,hard_constraint_violation,relocate 73
1816,0.011135625946057206,147,147,False,hard_constraint_violation,swap 65<->3
1817,0.01107994781632692,147,147,True,soft_constraint_evaluation,swap 43<->41
1818,0.011024548077245287,147,147,False,hard_constraint_violation,relocate 55
1819,0.010969425336859061,147,147,False,hard_constraint_violation,swap 53<->18
1820,0.010914578210174766,147,147,True,soft_constraint_evaluation,swap 69<->70
1821,0.010860005319123891,147,147,False,hard_constraint_violation,swap 31<->16
1822,0.010805705292528271,147,147,False,hard_constraint_violation,relocate 43
1823,0.01075167676606563,147,147,False,hard_constraint_violation,relocate 52
1824,0.010697918382235301,147,147,False,hard_constraint_violation,relocate 28
1825,0.010644428790324125,147,147,False,hard_constraint_violation,swap 36<->59
1826,0.010591206646372505,147,147,False,soft_constraint_evaluation,swap 65<->71
1827,0.010538250613140641,147,147,True,soft_constraint_evaluation,relocate 43
1828,0.010485559360074939,147,147,False,hard_constraint_violation,swap 36<->19
1829,0.010433131563274564,147,147,False,hard_constraint_violation,swap 75<->37
1830,0.010380965905458192,147,147,False,hard_constraint_violation,swap 7<->31
1831,0.010329061075930901,147,147,False,soft_constraint_evaluation,swap 75<->76
1832,0.010277415770551246,147,147,False,hard_constraint_violation,swap 71<->31
1833,0.01022602869169849,147,147,False,hard_constraint_violation,relocate 52
1834,0.010174898548239997,147,147,False,hard_constraint_violation,relocate 53
1835,0.010124024055498797,147,147,False,hard_constraint_violation,swap 41<->27
1836,0.010073403935221303,147,147,False,hard_constraint_violation,relocate 21
1837,0.010023036915545196,147,147,False,soft_constraint_evaluation,swap 37<->38
